id,date,r_type,resource,value,key
8,20180212,Q,queue,economy,
9,20180212,Q,queue,economy,
10,20180212,Q,queue,economy,
11,20180212,Q,queue,economy,
12,20180212,Q,queue,economy,
13,20180212,Q,queue,economy,
14,20180212,Q,queue,economy,
15,20180212,S,"","",
15,20180212,S,queue,economy,
15,20180212,S,account,"""SSSG0001""",
15,20180212,S,Resource_List.place,scatter:exclhost,
15,20180212,S,group,ncar,
15,20180212,S,ctime,1518447436,
15,20180212,S,resource_assigned.ncpus,4608,
15,20180212,S,Resource_List.ncpus,2304,
15,20180212,S,qtime,1518447436,
15,20180212,S,Resource_List.mpiprocs,128,
15,20180212,S,exec_vnode,(r1i0n0:ncpus=36)+(r1i0n1:ncpus=36)+(r1i0n2:ncpus=36)+(r1i0n3:ncpus=36)+(r1i0n4:ncpus=36)+(r1i0n9:ncpus=36)+(r1i0n11:ncpus=36)+(r1i0n12:ncpus=36)+(r1i0n5:ncpus=36)+(r1i0n6:ncpus=36)+(r1i0n7:ncpus=36)+(r1i0n8:ncpus=36)+(r1i0n13:ncpus=36)+(r1i0n14:ncpus=36)+(r1i0n15:ncpus=36)+(r1i0n16:ncpus=36)+(r1i0n17:ncpus=36)+(r1i1n0:ncpus=36)+(r1i1n2:ncpus=36)+(r1i1n3:ncpus=36)+(r1i1n4:ncpus=36)+(r1i1n9:ncpus=36)+(r1i1n10:ncpus=36)+(r1i1n11:ncpus=36)+(r1i1n12:ncpus=36)+(r1i1n5:ncpus=36)+(r1i1n6:ncpus=36)+(r1i1n7:ncpus=36)+(r1i1n8:ncpus=36)+(r1i1n13:ncpus=36)+(r1i1n14:ncpus=36)+(r1i1n15:ncpus=36)+(r1i1n16:ncpus=36)+(r1i1n17:ncpus=36)+(r1i2n0:ncpus=36)+(r1i2n1:ncpus=36)+(r1i2n2:ncpus=36)+(r1i2n3:ncpus=36)+(r1i2n4:ncpus=36)+(r1i2n9:ncpus=36)+(r1i2n10:ncpus=36)+(r1i2n11:ncpus=36)+(r1i2n12:ncpus=36)+(r1i2n5:ncpus=36)+(r1i2n6:ncpus=36)+(r1i2n7:ncpus=36)+(r1i2n8:ncpus=36)+(r1i2n13:ncpus=36)+(r1i2n14:ncpus=36)+(r1i2n15:ncpus=36)+(r1i2n16:ncpus=36)+(r1i2n17:ncpus=36)+(r1i3n0:ncpus=36)+(r1i3n1:ncpus=36)+(r1i3n2:ncpus=36)+(r1i3n3:ncpus=36)+(r1i3n4:ncpus=36)+(r1i3n9:ncpus=36)+(r1i3n10:ncpus=36)+(r1i3n11:ncpus=36)+(r1i3n12:ncpus=36)+(r1i3n5:ncpus=36)+(r1i3n6:ncpus=36)+(r1i3n7:ncpus=36),
15,20180212,S,Resource_List.select,64,mpiprocs:2
15,20180212,S,Resource_List.select,64,ncpus:36
15,20180212,S,Resource_List.select,64,ompthreads:18
15,20180212,S,Resource_List.select,32,ncpus:14
15,20180212,S,jobname,zhpt64.2,
15,20180212,S,project,_pbs_project_default,
15,20180212,S,start,1518447437,
15,20180212,S,Resource_List.walltime,01:00:00,
15,20180212,S,user,engel,
15,20180212,S,Resource_List.nodect,64,
15,20180212,S,etime,1518447436,
15,20180212,S,exec_host,r1i0n0/0*36+r1i0n1/0*36+r1i0n2/0*36+r1i0n3/0*36+r1i0n4/0*36+r1i0n9/0*36+r1i0n11/0*36+r1i0n12/0*36+r1i0n5/0*36+r1i0n6/0*36+r1i0n7/0*36+r1i0n8/0*36+r1i0n13/0*36+r1i0n14/0*36+r1i0n15/0*36+r1i0n16/0*36+r1i0n17/0*36+r1i1n0/0*36+r1i1n2/0*36+r1i1n3/0*36+r1i1n4/0*36+r1i1n9/0*36+r1i1n10/0*36+r1i1n11/0*36+r1i1n12/0*36+r1i1n5/0*36+r1i1n6/0*36+r1i1n7/0*36+r1i1n8/0*36+r1i1n13/0*36+r1i1n14/0*36+r1i1n15/0*36+r1i1n16/0*36+r1i1n17/0*36+r1i2n0/0*36+r1i2n1/0*36+r1i2n2/0*36+r1i2n3/0*36+r1i2n4/0*36+r1i2n9/0*36+r1i2n10/0*36+r1i2n11/0*36+r1i2n12/0*36+r1i2n5/0*36+r1i2n6/0*36+r1i2n7/0*36+r1i2n8/0*36+r1i2n13/0*36+r1i2n14/0*36+r1i2n15/0*36+r1i2n16/0*36+r1i2n17/0*36+r1i3n0/0*36+r1i3n1/0*36+r1i3n2/0*36+r1i3n3/0*36+r1i3n4/0*36+r1i3n9/0*36+r1i3n10/0*36+r1i3n11/0*36+r1i3n12/0*36+r1i3n5/0*36+r1i3n6/0*36+r1i3n7/0*36,
15,20180212,S,resource_assigned.mem,4197832192kb,
17,20180212,E,qtime,1518447436,
17,20180212,E,session,15858,
17,20180212,E,project,_pbs_project_default,
17,20180212,E,group,ncar,
17,20180212,E,Exit_status,0,
17,20180212,E,etime,1518447436,
17,20180212,E,resources_used.cput,1280:19:30,
17,20180212,E,start,1518447437,
17,20180212,E,resources_used.cpupercent,230718,
17,20180212,E,exec_vnode,(r1i0n0:ncpus=36)+(r1i0n1:ncpus=36)+(r1i0n2:ncpus=36)+(r1i0n3:ncpus=36)+(r1i0n4:ncpus=36)+(r1i0n9:ncpus=36)+(r1i0n11:ncpus=36)+(r1i0n12:ncpus=36)+(r1i0n5:ncpus=36)+(r1i0n6:ncpus=36)+(r1i0n7:ncpus=36)+(r1i0n8:ncpus=36)+(r1i0n13:ncpus=36)+(r1i0n14:ncpus=36)+(r1i0n15:ncpus=36)+(r1i0n16:ncpus=36)+(r1i0n17:ncpus=36)+(r1i1n0:ncpus=36)+(r1i1n2:ncpus=36)+(r1i1n3:ncpus=36)+(r1i1n4:ncpus=36)+(r1i1n9:ncpus=36)+(r1i1n10:ncpus=36)+(r1i1n11:ncpus=36)+(r1i1n12:ncpus=36)+(r1i1n5:ncpus=36)+(r1i1n6:ncpus=36)+(r1i1n7:ncpus=36)+(r1i1n8:ncpus=36)+(r1i1n13:ncpus=36)+(r1i1n14:ncpus=36)+(r1i1n15:ncpus=36)+(r1i1n16:ncpus=36)+(r1i1n17:ncpus=36)+(r1i2n0:ncpus=36)+(r1i2n1:ncpus=36)+(r1i2n2:ncpus=36)+(r1i2n3:ncpus=36)+(r1i2n4:ncpus=36)+(r1i2n9:ncpus=36)+(r1i2n10:ncpus=36)+(r1i2n11:ncpus=36)+(r1i2n12:ncpus=36)+(r1i2n5:ncpus=36)+(r1i2n6:ncpus=36)+(r1i2n7:ncpus=36)+(r1i2n8:ncpus=36)+(r1i2n13:ncpus=36)+(r1i2n14:ncpus=36)+(r1i2n15:ncpus=36)+(r1i2n16:ncpus=36)+(r1i2n17:ncpus=36)+(r1i3n0:ncpus=36)+(r1i3n1:ncpus=36)+(r1i3n2:ncpus=36)+(r1i3n3:ncpus=36)+(r1i3n4:ncpus=36)+(r1i3n9:ncpus=36)+(r1i3n10:ncpus=36)+(r1i3n11:ncpus=36)+(r1i3n12:ncpus=36)+(r1i3n5:ncpus=36)+(r1i3n6:ncpus=36)+(r1i3n7:ncpus=36),
17,20180212,E,run_count,1,
17,20180212,E,Resource_List.ncpus,2304,
17,20180212,E,resources_used.mem,863682604kb,
17,20180212,E,Resource_List.place,scatter:exclhost,
17,20180212,E,Resource_List.mpiprocs,128,
17,20180212,E,Resource_List.walltime,01:00:00,
17,20180212,E,Resource_List.select,64,mpiprocs:2
17,20180212,E,Resource_List.select,64,ncpus:36
17,20180212,E,Resource_List.select,64,ompthreads:18
17,20180212,E,user,engel,
17,20180212,E,end,1518449573,
17,20180212,E,jobname,zhpt64.2,
17,20180212,E,resources_used.walltime,00:35:36,
17,20180212,E,resources_used.vmem,150450972kb,
17,20180212,E,account,"""SSSG0001""",
17,20180212,E,ctime,1518447436,
17,20180212,E,resources_used.ncpus,2304,
17,20180212,E,exec_host,r1i0n0/0*36+r1i0n1/0*36+r1i0n2/0*36+r1i0n3/0*36+r1i0n4/0*36+r1i0n9/0*36+r1i0n11/0*36+r1i0n12/0*36+r1i0n5/0*36+r1i0n6/0*36+r1i0n7/0*36+r1i0n8/0*36+r1i0n13/0*36+r1i0n14/0*36+r1i0n15/0*36+r1i0n16/0*36+r1i0n17/0*36+r1i1n0/0*36+r1i1n2/0*36+r1i1n3/0*36+r1i1n4/0*36+r1i1n9/0*36+r1i1n10/0*36+r1i1n11/0*36+r1i1n12/0*36+r1i1n5/0*36+r1i1n6/0*36+r1i1n7/0*36+r1i1n8/0*36+r1i1n13/0*36+r1i1n14/0*36+r1i1n15/0*36+r1i1n16/0*36+r1i1n17/0*36+r1i2n0/0*36+r1i2n1/0*36+r1i2n2/0*36+r1i2n3/0*36+r1i2n4/0*36+r1i2n9/0*36+r1i2n10/0*36+r1i2n11/0*36+r1i2n12/0*36+r1i2n5/0*36+r1i2n6/0*36+r1i2n7/0*36+r1i2n8/0*36+r1i2n13/0*36+r1i2n14/0*36+r1i2n15/0*36+r1i2n16/0*36+r1i2n17/0*36+r1i3n0/0*36+r1i3n1/0*36+r1i3n2/0*36+r1i3n3/0*36+r1i3n4/0*36+r1i3n9/0*36+r1i3n10/0*36+r1i3n11/0*36+r1i3n12/0*36+r1i3n5/0*36+r1i3n6/0*36+r1i3n7/0*36,
17,20180212,E,queue,economy,
17,20180212,E,Resource_List.nodect,64,
18,20180212,S,"","",
18,20180212,S,queue,economy,
18,20180212,S,account,"""SSSG0001""",
18,20180212,S,Resource_List.place,scatter:exclhost,
18,20180212,S,group,ncar,
18,20180212,S,ctime,1518447436,
18,20180212,S,resource_assigned.ncpus,3456,
18,20180212,S,Resource_List.ncpus,1728,
18,20180212,S,qtime,1518447436,
18,20180212,S,Resource_List.mpiprocs,96,
18,20180212,S,exec_vnode,(r1i0n0:ncpus=36)+(r1i0n1:ncpus=36)+(r1i0n2:ncpus=36)+(r1i0n3:ncpus=36)+(r1i0n4:ncpus=36)+(r1i0n9:ncpus=36)+(r1i0n11:ncpus=36)+(r1i0n12:ncpus=36)+(r1i0n5:ncpus=36)+(r1i0n6:ncpus=36)+(r1i0n7:ncpus=36)+(r1i0n8:ncpus=36)+(r1i0n13:ncpus=36)+(r1i0n14:ncpus=36)+(r1i0n15:ncpus=36)+(r1i0n16:ncpus=36)+(r1i0n17:ncpus=36)+(r1i1n0:ncpus=36)+(r1i1n2:ncpus=36)+(r1i1n3:ncpus=36)+(r1i1n4:ncpus=36)+(r1i1n9:ncpus=36)+(r1i1n10:ncpus=36)+(r1i1n11:ncpus=36)+(r1i1n12:ncpus=36)+(r1i1n5:ncpus=36)+(r1i1n6:ncpus=36)+(r1i1n7:ncpus=36)+(r1i1n8:ncpus=36)+(r1i1n13:ncpus=36)+(r1i1n14:ncpus=36)+(r1i1n15:ncpus=36)+(r1i1n16:ncpus=36)+(r1i1n17:ncpus=36)+(r1i2n0:ncpus=36)+(r1i2n1:ncpus=36)+(r1i2n2:ncpus=36)+(r1i2n3:ncpus=36)+(r1i2n4:ncpus=36)+(r1i2n9:ncpus=36)+(r1i2n10:ncpus=36)+(r1i2n11:ncpus=36)+(r1i2n12:ncpus=36)+(r1i2n5:ncpus=36)+(r1i2n6:ncpus=36)+(r1i2n7:ncpus=36)+(r1i2n8:ncpus=36)+(r1i2n13:ncpus=36),
18,20180212,S,Resource_List.select,48,mpiprocs:2
18,20180212,S,Resource_List.select,48,ncpus:36
18,20180212,S,Resource_List.select,48,ompthreads:18
18,20180212,S,jobname,zhpt48.2,
18,20180212,S,project,_pbs_project_default,
18,20180212,S,start,1518449574,
18,20180212,S,Resource_List.walltime,01:00:00,
18,20180212,S,user,engel,
18,20180212,S,Resource_List.nodect,48,
18,20180212,S,etime,1518449520,
18,20180212,S,exec_host,r1i0n0/0*36+r1i0n1/0*36+r1i0n2/0*36+r1i0n3/0*36+r1i0n4/0*36+r1i0n9/0*36+r1i0n11/0*36+r1i0n12/0*36+r1i0n5/0*36+r1i0n6/0*36+r1i0n7/0*36+r1i0n8/0*36+r1i0n13/0*36+r1i0n14/0*36+r1i0n15/0*36+r1i0n16/0*36+r1i0n17/0*36+r1i1n0/0*36+r1i1n2/0*36+r1i1n3/0*36+r1i1n4/0*36+r1i1n9/0*36+r1i1n10/0*36+r1i1n11/0*36+r1i1n12/0*36+r1i1n5/0*36+r1i1n6/0*36+r1i1n7/0*36+r1i1n8/0*36+r1i1n13/0*36+r1i1n14/0*36+r1i1n15/0*36+r1i1n16/0*36+r1i1n17/0*36+r1i2n0/0*36+r1i2n1/0*36+r1i2n2/0*36+r1i2n3/0*36+r1i2n4/0*36+r1i2n9/0*36+r1i2n10/0*36+r1i2n11/0*36+r1i2n12/0*36+r1i2n5/0*36+r1i2n6/0*36+r1i2n7/0*36+r1i2n8/0*36+r1i2n13/0*36,
18,20180212,S,resource_assigned.mem,3148374144kb,
20,20180212,E,qtime,1518447436,
20,20180212,E,session,19902,
20,20180212,E,project,_pbs_project_default,
20,20180212,E,group,ncar,
20,20180212,E,Exit_status,0,
20,20180212,E,etime,1518449520,
20,20180212,E,resources_used.cput,977:54:54,
20,20180212,E,start,1518449574,
20,20180212,E,resources_used.cpupercent,173218,
20,20180212,E,exec_vnode,(r1i0n0:ncpus=36)+(r1i0n1:ncpus=36)+(r1i0n2:ncpus=36)+(r1i0n3:ncpus=36)+(r1i0n4:ncpus=36)+(r1i0n9:ncpus=36)+(r1i0n11:ncpus=36)+(r1i0n12:ncpus=36)+(r1i0n5:ncpus=36)+(r1i0n6:ncpus=36)+(r1i0n7:ncpus=36)+(r1i0n8:ncpus=36)+(r1i0n13:ncpus=36)+(r1i0n14:ncpus=36)+(r1i0n15:ncpus=36)+(r1i0n16:ncpus=36)+(r1i0n17:ncpus=36)+(r1i1n0:ncpus=36)+(r1i1n2:ncpus=36)+(r1i1n3:ncpus=36)+(r1i1n4:ncpus=36)+(r1i1n9:ncpus=36)+(r1i1n10:ncpus=36)+(r1i1n11:ncpus=36)+(r1i1n12:ncpus=36)+(r1i1n5:ncpus=36)+(r1i1n6:ncpus=36)+(r1i1n7:ncpus=36)+(r1i1n8:ncpus=36)+(r1i1n13:ncpus=36)+(r1i1n14:ncpus=36)+(r1i1n15:ncpus=36)+(r1i1n16:ncpus=36)+(r1i1n17:ncpus=36)+(r1i2n0:ncpus=36)+(r1i2n1:ncpus=36)+(r1i2n2:ncpus=36)+(r1i2n3:ncpus=36)+(r1i2n4:ncpus=36)+(r1i2n9:ncpus=36)+(r1i2n10:ncpus=36)+(r1i2n11:ncpus=36)+(r1i2n12:ncpus=36)+(r1i2n5:ncpus=36)+(r1i2n6:ncpus=36)+(r1i2n7:ncpus=36)+(r1i2n8:ncpus=36)+(r1i2n13:ncpus=36),
20,20180212,E,run_count,1,
20,20180212,E,Resource_List.ncpus,1728,
20,20180212,E,resources_used.mem,647553680kb,
20,20180212,E,Resource_List.place,scatter:exclhost,
20,20180212,E,Resource_List.mpiprocs,96,
20,20180212,E,Resource_List.walltime,01:00:00,
20,20180212,E,Resource_List.select,48,mpiprocs:2
20,20180212,E,Resource_List.select,48,ncpus:36
20,20180212,E,Resource_List.select,48,ompthreads:18
20,20180212,E,user,engel,
20,20180212,E,end,1518451740,
20,20180212,E,jobname,zhpt48.2,
20,20180212,E,resources_used.walltime,00:36:06,
20,20180212,E,resources_used.vmem,150448616kb,
20,20180212,E,account,"""SSSG0001""",
20,20180212,E,ctime,1518447436,
20,20180212,E,resources_used.ncpus,1728,
20,20180212,E,exec_host,r1i0n0/0*36+r1i0n1/0*36+r1i0n2/0*36+r1i0n3/0*36+r1i0n4/0*36+r1i0n9/0*36+r1i0n11/0*36+r1i0n12/0*36+r1i0n5/0*36+r1i0n6/0*36+r1i0n7/0*36+r1i0n8/0*36+r1i0n13/0*36+r1i0n14/0*36+r1i0n15/0*36+r1i0n16/0*36+r1i0n17/0*36+r1i1n0/0*36+r1i1n2/0*36+r1i1n3/0*36+r1i1n4/0*36+r1i1n9/0*36+r1i1n10/0*36+r1i1n11/0*36+r1i1n12/0*36+r1i1n5/0*36+r1i1n6/0*36+r1i1n7/0*36+r1i1n8/0*36+r1i1n13/0*36+r1i1n14/0*36+r1i1n15/0*36+r1i1n16/0*36+r1i1n17/0*36+r1i2n0/0*36+r1i2n1/0*36+r1i2n2/0*36+r1i2n3/0*36+r1i2n4/0*36+r1i2n9/0*36+r1i2n10/0*36+r1i2n11/0*36+r1i2n12/0*36+r1i2n5/0*36+r1i2n6/0*36+r1i2n7/0*36+r1i2n8/0*36+r1i2n13/0*36,
20,20180212,E,queue,economy,
20,20180212,E,Resource_List.nodect,48,
21,20180212,S,"","",
21,20180212,S,queue,economy,
21,20180212,S,account,"""SSSG0001""",
21,20180212,S,Resource_List.place,scatter:exclhost,
21,20180212,S,group,ncar,
21,20180212,S,ctime,1518447436,
21,20180212,S,resource_assigned.ncpus,2304,
21,20180212,S,Resource_List.ncpus,1152,
21,20180212,S,qtime,1518447436,
21,20180212,S,Resource_List.mpiprocs,64,
21,20180212,S,exec_vnode,(r1i0n0:ncpus=36)+(r1i0n1:ncpus=36)+(r1i0n2:ncpus=36)+(r1i0n3:ncpus=36)+(r1i0n4:ncpus=36)+(r1i0n9:ncpus=36)+(r1i0n11:ncpus=36)+(r1i0n12:ncpus=36)+(r1i0n5:ncpus=36)+(r1i0n6:ncpus=36)+(r1i0n7:ncpus=36)+(r1i0n8:ncpus=36)+(r1i0n13:ncpus=36)+(r1i0n14:ncpus=36)+(r1i0n15:ncpus=36)+(r1i0n16:ncpus=36)+(r1i0n17:ncpus=36)+(r1i1n0:ncpus=36)+(r1i1n2:ncpus=36)+(r1i1n3:ncpus=36)+(r1i1n4:ncpus=36)+(r1i1n9:ncpus=36)+(r1i1n10:ncpus=36)+(r1i1n11:ncpus=36)+(r1i1n12:ncpus=36)+(r1i1n5:ncpus=36)+(r1i1n6:ncpus=36)+(r1i1n7:ncpus=36)+(r1i1n8:ncpus=36)+(r1i1n13:ncpus=36)+(r1i1n14:ncpus=36)+(r1i1n15:ncpus=36),
21,20180212,S,Resource_List.select,32,mpiprocs:2
21,20180212,S,Resource_List.select,32,ncpus:36
21,20180212,S,Resource_List.select,32,ompthreads:18
21,20180212,S,jobname,zhpt32.2,
21,20180212,S,project,_pbs_project_default,
21,20180212,S,start,1518451740,
21,20180212,S,Resource_List.walltime,01:00:00,
21,20180212,S,user,engel,
21,20180212,S,Resource_List.nodect,32,
21,20180212,S,etime,1518451620,
21,20180212,S,exec_host,r1i0n0/0*36+r1i0n1/0*36+r1i0n2/0*36+r1i0n3/0*36+r1i0n4/0*36+r1i0n9/0*36+r1i0n11/0*36+r1i0n12/0*36+r1i0n5/0*36+r1i0n6/0*36+r1i0n7/0*36+r1i0n8/0*36+r1i0n13/0*36+r1i0n14/0*36+r1i0n15/0*36+r1i0n16/0*36+r1i0n17/0*36+r1i1n0/0*36+r1i1n2/0*36+r1i1n3/0*36+r1i1n4/0*36+r1i1n9/0*36+r1i1n10/0*36+r1i1n11/0*36+r1i1n12/0*36+r1i1n5/0*36+r1i1n6/0*36+r1i1n7/0*36+r1i1n8/0*36+r1i1n13/0*36+r1i1n14/0*36+r1i1n15/0*36,
21,20180212,S,resource_assigned.mem,2098916096kb,
22,20180212,S,"","",
22,20180212,S,queue,economy,
22,20180212,S,account,"""SSSG0001""",
22,20180212,S,Resource_List.place,scatter:exclhost,
22,20180212,S,group,ncar,
22,20180212,S,ctime,1518447436,
22,20180212,S,resource_assigned.ncpus,1152,
22,20180212,S,Resource_List.ncpus,576,
22,20180212,S,qtime,1518447436,
22,20180212,S,Resource_List.mpiprocs,32,
22,20180212,S,exec_vnode,(r1i1n16:ncpus=36)+(r1i1n17:ncpus=36)+(r1i2n0:ncpus=36)+(r1i2n1:ncpus=36)+(r1i2n2:ncpus=36)+(r1i2n3:ncpus=36)+(r1i2n4:ncpus=36)+(r1i2n9:ncpus=36)+(r1i2n10:ncpus=36)+(r1i2n11:ncpus=36)+(r1i2n12:ncpus=36)+(r1i2n5:ncpus=36)+(r1i2n6:ncpus=36)+(r1i2n7:ncpus=36)+(r1i2n8:ncpus=36)+(r1i2n13:ncpus=36),
22,20180212,S,Resource_List.select,16,mpiprocs:2
22,20180212,S,Resource_List.select,16,ncpus:36
22,20180212,S,Resource_List.select,16,ompthreads:18
22,20180212,S,jobname,zhpt16.2,
22,20180212,S,project,_pbs_project_default,
22,20180212,S,start,1518453720,
22,20180212,S,Resource_List.walltime,01:00:00,
22,20180212,S,user,engel,
22,20180212,S,Resource_List.nodect,16,
22,20180212,S,etime,1518453720,
22,20180212,S,exec_host,r1i1n16/0*36+r1i1n17/0*36+r1i2n0/0*36+r1i2n1/0*36+r1i2n2/0*36+r1i2n3/0*36+r1i2n4/0*36+r1i2n9/0*36+r1i2n10/0*36+r1i2n11/0*36+r1i2n12/0*36+r1i2n5/0*36+r1i2n6/0*36+r1i2n7/0*36+r1i2n8/0*36+r1i2n13/0*36,
22,20180212,S,resource_assigned.mem,1049458048kb,
23,20180212,E,qtime,1518447436,
23,20180212,E,session,23543,
23,20180212,E,project,_pbs_project_default,
23,20180212,E,group,ncar,
23,20180212,E,Exit_status,0,
23,20180212,E,etime,1518451620,
23,20180212,E,resources_used.cput,650:50:00,
23,20180212,E,start,1518451740,
23,20180212,E,resources_used.cpupercent,115161,
23,20180212,E,exec_vnode,(r1i0n0:ncpus=36)+(r1i0n1:ncpus=36)+(r1i0n2:ncpus=36)+(r1i0n3:ncpus=36)+(r1i0n4:ncpus=36)+(r1i0n9:ncpus=36)+(r1i0n11:ncpus=36)+(r1i0n12:ncpus=36)+(r1i0n5:ncpus=36)+(r1i0n6:ncpus=36)+(r1i0n7:ncpus=36)+(r1i0n8:ncpus=36)+(r1i0n13:ncpus=36)+(r1i0n14:ncpus=36)+(r1i0n15:ncpus=36)+(r1i0n16:ncpus=36)+(r1i0n17:ncpus=36)+(r1i1n0:ncpus=36)+(r1i1n2:ncpus=36)+(r1i1n3:ncpus=36)+(r1i1n4:ncpus=36)+(r1i1n9:ncpus=36)+(r1i1n10:ncpus=36)+(r1i1n11:ncpus=36)+(r1i1n12:ncpus=36)+(r1i1n5:ncpus=36)+(r1i1n6:ncpus=36)+(r1i1n7:ncpus=36)+(r1i1n8:ncpus=36)+(r1i1n13:ncpus=36)+(r1i1n14:ncpus=36)+(r1i1n15:ncpus=36),
23,20180212,E,run_count,1,
23,20180212,E,Resource_List.ncpus,1152,
23,20180212,E,resources_used.mem,431530296kb,
23,20180212,E,Resource_List.place,scatter:exclhost,
23,20180212,E,Resource_List.mpiprocs,64,
23,20180212,E,Resource_List.walltime,01:00:00,
23,20180212,E,Resource_List.select,32,mpiprocs:2
23,20180212,E,Resource_List.select,32,ncpus:36
23,20180212,E,Resource_List.select,32,ompthreads:18
23,20180212,E,user,engel,
23,20180212,E,end,1518453870,
23,20180212,E,jobname,zhpt32.2,
23,20180212,E,resources_used.walltime,00:35:30,
23,20180212,E,resources_used.vmem,150446228kb,
23,20180212,E,account,"""SSSG0001""",
23,20180212,E,ctime,1518447436,
23,20180212,E,resources_used.ncpus,1152,
23,20180212,E,exec_host,r1i0n0/0*36+r1i0n1/0*36+r1i0n2/0*36+r1i0n3/0*36+r1i0n4/0*36+r1i0n9/0*36+r1i0n11/0*36+r1i0n12/0*36+r1i0n5/0*36+r1i0n6/0*36+r1i0n7/0*36+r1i0n8/0*36+r1i0n13/0*36+r1i0n14/0*36+r1i0n15/0*36+r1i0n16/0*36+r1i0n17/0*36+r1i1n0/0*36+r1i1n2/0*36+r1i1n3/0*36+r1i1n4/0*36+r1i1n9/0*36+r1i1n10/0*36+r1i1n11/0*36+r1i1n12/0*36+r1i1n5/0*36+r1i1n6/0*36+r1i1n7/0*36+r1i1n8/0*36+r1i1n13/0*36+r1i1n14/0*36+r1i1n15/0*36,
23,20180212,E,queue,economy,
23,20180212,E,Resource_List.nodect,32,
25,20180212,S,"","",
25,20180212,S,queue,economy,
25,20180212,S,account,"""SSSG0001""",
25,20180212,S,Resource_List.place,scatter:exclhost,
25,20180212,S,group,ncar,
25,20180212,S,ctime,1518447436,
25,20180212,S,resource_assigned.ncpus,576,
25,20180212,S,Resource_List.ncpus,288,
25,20180212,S,qtime,1518447436,
25,20180212,S,Resource_List.mpiprocs,16,
25,20180212,S,exec_vnode,(r1i0n0:ncpus=36)+(r1i0n1:ncpus=36)+(r1i0n2:ncpus=36)+(r1i0n3:ncpus=36)+(r1i0n4:ncpus=36)+(r1i0n9:ncpus=36)+(r1i0n11:ncpus=36)+(r1i0n12:ncpus=36),
25,20180212,S,Resource_List.select,8,mpiprocs:2
25,20180212,S,Resource_List.select,8,ncpus:36
25,20180212,S,Resource_List.select,8,ompthreads:18
25,20180212,S,jobname,zhpt08.2,
25,20180212,S,project,_pbs_project_default,
25,20180212,S,start,1518455821,
25,20180212,S,Resource_List.walltime,01:00:00,
25,20180212,S,user,engel,
25,20180212,S,Resource_List.nodect,8,
25,20180212,S,etime,1518455820,
25,20180212,S,exec_host,r1i0n0/0*36+r1i0n1/0*36+r1i0n2/0*36+r1i0n3/0*36+r1i0n4/0*36+r1i0n9/0*36+r1i0n11/0*36+r1i0n12/0*36,
25,20180212,S,resource_assigned.mem,524729024kb,
26,20180212,E,qtime,1518447436,
26,20180212,E,session,33313,
26,20180212,E,project,_pbs_project_default,
26,20180212,E,group,ncar,
26,20180212,E,Exit_status,0,
26,20180212,E,etime,1518453720,
26,20180212,E,resources_used.cput,321:03:35,
26,20180212,E,start,1518453720,
26,20180212,E,resources_used.cpupercent,57659,
26,20180212,E,exec_vnode,(r1i1n16:ncpus=36)+(r1i1n17:ncpus=36)+(r1i2n0:ncpus=36)+(r1i2n1:ncpus=36)+(r1i2n2:ncpus=36)+(r1i2n3:ncpus=36)+(r1i2n4:ncpus=36)+(r1i2n9:ncpus=36)+(r1i2n10:ncpus=36)+(r1i2n11:ncpus=36)+(r1i2n12:ncpus=36)+(r1i2n5:ncpus=36)+(r1i2n6:ncpus=36)+(r1i2n7:ncpus=36)+(r1i2n8:ncpus=36)+(r1i2n13:ncpus=36),
26,20180212,E,run_count,1,
26,20180212,E,Resource_List.ncpus,576,
26,20180212,E,resources_used.mem,215634052kb,
26,20180212,E,Resource_List.place,scatter:exclhost,
26,20180212,E,Resource_List.mpiprocs,32,
26,20180212,E,Resource_List.walltime,01:00:00,
26,20180212,E,Resource_List.select,16,mpiprocs:2
26,20180212,E,Resource_List.select,16,ncpus:36
26,20180212,E,Resource_List.select,16,ompthreads:18
26,20180212,E,user,engel,
26,20180212,E,end,1518455827,
26,20180212,E,jobname,zhpt16.2,
26,20180212,E,resources_used.walltime,00:35:07,
26,20180212,E,resources_used.vmem,150443840kb,
26,20180212,E,account,"""SSSG0001""",
26,20180212,E,ctime,1518447436,
26,20180212,E,resources_used.ncpus,576,
26,20180212,E,exec_host,r1i1n16/0*36+r1i1n17/0*36+r1i2n0/0*36+r1i2n1/0*36+r1i2n2/0*36+r1i2n3/0*36+r1i2n4/0*36+r1i2n9/0*36+r1i2n10/0*36+r1i2n11/0*36+r1i2n12/0*36+r1i2n5/0*36+r1i2n6/0*36+r1i2n7/0*36+r1i2n8/0*36+r1i2n13/0*36,
26,20180212,E,queue,economy,
26,20180212,E,Resource_List.nodect,16,
27,20180212,S,"","",
27,20180212,S,queue,economy,
27,20180212,S,account,"""SSSG0001""",
27,20180212,S,Resource_List.place,scatter:exclhost,
27,20180212,S,group,ncar,
27,20180212,S,ctime,1518447436,
27,20180212,S,resource_assigned.ncpus,288,
27,20180212,S,Resource_List.ncpus,144,
27,20180212,S,qtime,1518447437,
27,20180212,S,Resource_List.mpiprocs,8,
27,20180212,S,exec_vnode,(r1i0n5:ncpus=36)+(r1i0n6:ncpus=36)+(r1i0n7:ncpus=36)+(r1i0n8:ncpus=36),
27,20180212,S,Resource_List.select,4,mpiprocs:2
27,20180212,S,Resource_List.select,4,ncpus:36
27,20180212,S,Resource_List.select,4,ompthreads:18
27,20180212,S,jobname,zhpt04.2,
27,20180212,S,project,_pbs_project_default,
27,20180212,S,start,1518457920,
27,20180212,S,Resource_List.walltime,01:00:00,
27,20180212,S,user,engel,
27,20180212,S,Resource_List.nodect,4,
27,20180212,S,etime,1518457920,
27,20180212,S,exec_host,r1i0n5/0*36+r1i0n6/0*36+r1i0n7/0*36+r1i0n8/0*36,
27,20180212,S,resource_assigned.mem,262364512kb,
28,20180212,E,qtime,1518447436,
28,20180212,E,session,30560,
28,20180212,E,project,_pbs_project_default,
28,20180212,E,group,ncar,
28,20180212,E,Exit_status,0,
28,20180212,E,etime,1518455820,
28,20180212,E,resources_used.cput,160:49:22,
28,20180212,E,start,1518455821,
28,20180212,E,resources_used.cpupercent,28794,
28,20180212,E,exec_vnode,(r1i0n0:ncpus=36)+(r1i0n1:ncpus=36)+(r1i0n2:ncpus=36)+(r1i0n3:ncpus=36)+(r1i0n4:ncpus=36)+(r1i0n9:ncpus=36)+(r1i0n11:ncpus=36)+(r1i0n12:ncpus=36),
28,20180212,E,run_count,1,
28,20180212,E,Resource_List.ncpus,288,
28,20180212,E,resources_used.mem,107693280kb,
28,20180212,E,Resource_List.place,scatter:exclhost,
28,20180212,E,Resource_List.mpiprocs,16,
28,20180212,E,Resource_List.walltime,01:00:00,
28,20180212,E,Resource_List.select,8,mpiprocs:2
28,20180212,E,Resource_List.select,8,ncpus:36
28,20180212,E,Resource_List.select,8,ompthreads:18
28,20180212,E,user,engel,
28,20180212,E,end,1518457921,
28,20180212,E,jobname,zhpt08.2,
28,20180212,E,resources_used.walltime,00:35:00,
28,20180212,E,resources_used.vmem,150442652kb,
28,20180212,E,account,"""SSSG0001""",
28,20180212,E,ctime,1518447436,
28,20180212,E,resources_used.ncpus,288,
28,20180212,E,exec_host,r1i0n0/0*36+r1i0n1/0*36+r1i0n2/0*36+r1i0n3/0*36+r1i0n4/0*36+r1i0n9/0*36+r1i0n11/0*36+r1i0n12/0*36,
28,20180212,E,queue,economy,
28,20180212,E,Resource_List.nodect,8,
30,20180212,E,qtime,1518447437,
30,20180212,E,session,44171,
30,20180212,E,project,_pbs_project_default,
30,20180212,E,group,ncar,
30,20180212,E,Exit_status,0,
30,20180212,E,etime,1518457920,
30,20180212,E,resources_used.cput,80:27:56,
30,20180212,E,start,1518457920,
30,20180212,E,resources_used.cpupercent,14395,
30,20180212,E,exec_vnode,(r1i0n5:ncpus=36)+(r1i0n6:ncpus=36)+(r1i0n7:ncpus=36)+(r1i0n8:ncpus=36),
30,20180212,E,run_count,1,
30,20180212,E,Resource_List.ncpus,144,
30,20180212,E,resources_used.mem,53803616kb,
30,20180212,E,Resource_List.place,scatter:exclhost,
30,20180212,E,Resource_List.mpiprocs,8,
30,20180212,E,Resource_List.walltime,01:00:00,
30,20180212,E,Resource_List.select,4,mpiprocs:2
30,20180212,E,Resource_List.select,4,ncpus:36
30,20180212,E,Resource_List.select,4,ompthreads:18
30,20180212,E,user,engel,
30,20180212,E,end,1518460019,
30,20180212,E,jobname,zhpt04.2,
30,20180212,E,resources_used.walltime,00:34:59,
30,20180212,E,resources_used.vmem,150438532kb,
30,20180212,E,account,"""SSSG0001""",
30,20180212,E,ctime,1518447436,
30,20180212,E,resources_used.ncpus,144,
30,20180212,E,exec_host,r1i0n5/0*36+r1i0n6/0*36+r1i0n7/0*36+r1i0n8/0*36,
30,20180212,E,queue,economy,
30,20180212,E,Resource_List.nodect,4,
31,20180212,S,"","",
31,20180212,S,queue,economy,
31,20180212,S,account,"""SSSG0001""",
31,20180212,S,Resource_List.place,scatter:exclhost,
31,20180212,S,group,ncar,
31,20180212,S,ctime,1518447437,
31,20180212,S,resource_assigned.ncpus,144,
31,20180212,S,Resource_List.ncpus,72,
31,20180212,S,qtime,1518447437,
31,20180212,S,Resource_List.mpiprocs,4,
31,20180212,S,exec_vnode,(r1i0n0:ncpus=36)+(r1i0n1:ncpus=36),
31,20180212,S,Resource_List.select,2,mpiprocs:2
31,20180212,S,Resource_List.select,2,ncpus:36
31,20180212,S,Resource_List.select,2,ompthreads:18
31,20180212,S,jobname,zhpt02.2,
31,20180212,S,project,_pbs_project_default,
31,20180212,S,start,1518460020,
31,20180212,S,Resource_List.walltime,01:00:00,
31,20180212,S,user,engel,
31,20180212,S,Resource_List.nodect,2,
31,20180212,S,etime,1518460020,
31,20180212,S,exec_host,r1i0n0/0*36+r1i0n1/0*36,
31,20180212,S,resource_assigned.mem,131182256kb,
32,20180212,D,requestor,engel@laramie1.ib0.laramie.ucar.edu,
33,20180212,E,qtime,1518447437,
33,20180212,E,session,37135,
33,20180212,E,project,_pbs_project_default,
33,20180212,E,group,ncar,
33,20180212,E,Exit_status,143,
33,20180212,E,etime,1518460020,
33,20180212,E,resources_used.cput,01:44:17,
33,20180212,E,start,1518460020,
33,20180212,E,resources_used.cpupercent,4626,
33,20180212,E,exec_vnode,(r1i0n0:ncpus=36)+(r1i0n1:ncpus=36),
33,20180212,E,run_count,1,
33,20180212,E,Resource_List.ncpus,72,
33,20180212,E,resources_used.mem,26867052kb,
33,20180212,E,Resource_List.place,scatter:exclhost,
33,20180212,E,Resource_List.mpiprocs,4,
33,20180212,E,Resource_List.walltime,01:00:00,
33,20180212,E,Resource_List.select,2,mpiprocs:2
33,20180212,E,Resource_List.select,2,ncpus:36
33,20180212,E,Resource_List.select,2,ompthreads:18
33,20180212,E,user,engel,
33,20180212,E,end,1518460175,
33,20180212,E,jobname,zhpt02.2,
33,20180212,E,resources_used.walltime,00:02:35,
33,20180212,E,resources_used.vmem,150433672kb,
33,20180212,E,account,"""SSSG0001""",
33,20180212,E,ctime,1518447437,
33,20180212,E,resources_used.ncpus,72,
33,20180212,E,exec_host,r1i0n0/0*36+r1i0n1/0*36,
33,20180212,E,queue,economy,
33,20180212,E,Resource_List.nodect,2,
36,20180212,Q,queue,economy,
37,20180212,Q,queue,economy,
38,20180212,Q,queue,economy,
39,20180212,Q,queue,economy,
40,20180212,Q,queue,economy,
41,20180212,Q,queue,economy,
42,20180212,Q,queue,economy,
43,20180212,Q,queue,economy,
44,20180212,Q,queue,economy,
45,20180212,Q,queue,economy,
46,20180212,Q,queue,economy,
47,20180212,Q,queue,economy,
48,20180212,Q,queue,economy,
49,20180212,Q,queue,economy,
50,20180212,S,"","",
50,20180212,S,queue,economy,
50,20180212,S,account,"""SSSG0001""",
50,20180212,S,Resource_List.place,scatter:exclhost,
50,20180212,S,group,ncar,
50,20180212,S,ctime,1518468620,
50,20180212,S,resource_assigned.ncpus,4608,
50,20180212,S,Resource_List.ncpus,2304,
50,20180212,S,qtime,1518468620,
50,20180212,S,Resource_List.mpiprocs,128,
50,20180212,S,exec_vnode,(r1i0n0:ncpus=36)+(r1i0n1:ncpus=36)+(r1i0n2:ncpus=36)+(r1i0n3:ncpus=36)+(r1i0n4:ncpus=36)+(r1i0n9:ncpus=36)+(r1i0n11:ncpus=36)+(r1i0n12:ncpus=36)+(r1i0n5:ncpus=36)+(r1i0n6:ncpus=36)+(r1i0n7:ncpus=36)+(r1i0n8:ncpus=36)+(r1i0n13:ncpus=36)+(r1i0n14:ncpus=36)+(r1i0n15:ncpus=36)+(r1i0n16:ncpus=36)+(r1i0n17:ncpus=36)+(r1i1n0:ncpus=36)+(r1i1n2:ncpus=36)+(r1i1n3:ncpus=36)+(r1i1n4:ncpus=36)+(r1i1n9:ncpus=36)+(r1i1n10:ncpus=36)+(r1i1n11:ncpus=36)+(r1i1n12:ncpus=36)+(r1i1n5:ncpus=36)+(r1i1n6:ncpus=36)+(r1i1n7:ncpus=36)+(r1i1n8:ncpus=36)+(r1i1n13:ncpus=36)+(r1i1n14:ncpus=36)+(r1i1n15:ncpus=36)+(r1i1n16:ncpus=36)+(r1i1n17:ncpus=36)+(r1i2n0:ncpus=36)+(r1i2n1:ncpus=36)+(r1i2n2:ncpus=36)+(r1i2n3:ncpus=36)+(r1i2n4:ncpus=36)+(r1i2n9:ncpus=36)+(r1i2n10:ncpus=36)+(r1i2n11:ncpus=36)+(r1i2n12:ncpus=36)+(r1i2n5:ncpus=36)+(r1i2n6:ncpus=36)+(r1i2n7:ncpus=36)+(r1i2n8:ncpus=36)+(r1i2n13:ncpus=36)+(r1i2n14:ncpus=36)+(r1i2n15:ncpus=36)+(r1i2n16:ncpus=36)+(r1i2n17:ncpus=36)+(r1i3n0:ncpus=36)+(r1i3n1:ncpus=36)+(r1i3n2:ncpus=36)+(r1i3n3:ncpus=36)+(r1i3n4:ncpus=36)+(r1i3n9:ncpus=36)+(r1i3n10:ncpus=36)+(r1i3n11:ncpus=36)+(r1i3n12:ncpus=36)+(r1i3n5:ncpus=36)+(r1i3n6:ncpus=36)+(r1i3n7:ncpus=36),
50,20180212,S,Resource_List.select,64,mpiprocs:2
50,20180212,S,Resource_List.select,64,ncpus:36
50,20180212,S,Resource_List.select,64,ompthreads:18
50,20180212,S,jobname,zhpt64.2,
50,20180212,S,project,_pbs_project_default,
50,20180212,S,start,1518468621,
50,20180212,S,Resource_List.walltime,01:00:00,
50,20180212,S,user,engel,
50,20180212,S,Resource_List.nodect,64,
50,20180212,S,etime,1518468620,
50,20180212,S,exec_host,r1i0n0/0*36+r1i0n1/0*36+r1i0n2/0*36+r1i0n3/0*36+r1i0n4/0*36+r1i0n9/0*36+r1i0n11/0*36+r1i0n12/0*36+r1i0n5/0*36+r1i0n6/0*36+r1i0n7/0*36+r1i0n8/0*36+r1i0n13/0*36+r1i0n14/0*36+r1i0n15/0*36+r1i0n16/0*36+r1i0n17/0*36+r1i1n0/0*36+r1i1n2/0*36+r1i1n3/0*36+r1i1n4/0*36+r1i1n9/0*36+r1i1n10/0*36+r1i1n11/0*36+r1i1n12/0*36+r1i1n5/0*36+r1i1n6/0*36+r1i1n7/0*36+r1i1n8/0*36+r1i1n13/0*36+r1i1n14/0*36+r1i1n15/0*36+r1i1n16/0*36+r1i1n17/0*36+r1i2n0/0*36+r1i2n1/0*36+r1i2n2/0*36+r1i2n3/0*36+r1i2n4/0*36+r1i2n9/0*36+r1i2n10/0*36+r1i2n11/0*36+r1i2n12/0*36+r1i2n5/0*36+r1i2n6/0*36+r1i2n7/0*36+r1i2n8/0*36+r1i2n13/0*36+r1i2n14/0*36+r1i2n15/0*36+r1i2n16/0*36+r1i2n17/0*36+r1i3n0/0*36+r1i3n1/0*36+r1i3n2/0*36+r1i3n3/0*36+r1i3n4/0*36+r1i3n9/0*36+r1i3n10/0*36+r1i3n11/0*36+r1i3n12/0*36+r1i3n5/0*36+r1i3n6/0*36+r1i3n7/0*36,
50,20180212,S,resource_assigned.mem,4197832192kb,
52,20180212,E,qtime,1518468620,
52,20180212,E,session,50643,
52,20180212,E,project,_pbs_project_default,
52,20180212,E,group,ncar,
52,20180212,E,Exit_status,0,
52,20180212,E,etime,1518468620,
52,20180212,E,resources_used.cput,1285:34:12,
52,20180212,E,start,1518468621,
52,20180212,E,resources_used.cpupercent,230441,
52,20180212,E,exec_vnode,(r1i0n0:ncpus=36)+(r1i0n1:ncpus=36)+(r1i0n2:ncpus=36)+(r1i0n3:ncpus=36)+(r1i0n4:ncpus=36)+(r1i0n9:ncpus=36)+(r1i0n11:ncpus=36)+(r1i0n12:ncpus=36)+(r1i0n5:ncpus=36)+(r1i0n6:ncpus=36)+(r1i0n7:ncpus=36)+(r1i0n8:ncpus=36)+(r1i0n13:ncpus=36)+(r1i0n14:ncpus=36)+(r1i0n15:ncpus=36)+(r1i0n16:ncpus=36)+(r1i0n17:ncpus=36)+(r1i1n0:ncpus=36)+(r1i1n2:ncpus=36)+(r1i1n3:ncpus=36)+(r1i1n4:ncpus=36)+(r1i1n9:ncpus=36)+(r1i1n10:ncpus=36)+(r1i1n11:ncpus=36)+(r1i1n12:ncpus=36)+(r1i1n5:ncpus=36)+(r1i1n6:ncpus=36)+(r1i1n7:ncpus=36)+(r1i1n8:ncpus=36)+(r1i1n13:ncpus=36)+(r1i1n14:ncpus=36)+(r1i1n15:ncpus=36)+(r1i1n16:ncpus=36)+(r1i1n17:ncpus=36)+(r1i2n0:ncpus=36)+(r1i2n1:ncpus=36)+(r1i2n2:ncpus=36)+(r1i2n3:ncpus=36)+(r1i2n4:ncpus=36)+(r1i2n9:ncpus=36)+(r1i2n10:ncpus=36)+(r1i2n11:ncpus=36)+(r1i2n12:ncpus=36)+(r1i2n5:ncpus=36)+(r1i2n6:ncpus=36)+(r1i2n7:ncpus=36)+(r1i2n8:ncpus=36)+(r1i2n13:ncpus=36)+(r1i2n14:ncpus=36)+(r1i2n15:ncpus=36)+(r1i2n16:ncpus=36)+(r1i2n17:ncpus=36)+(r1i3n0:ncpus=36)+(r1i3n1:ncpus=36)+(r1i3n2:ncpus=36)+(r1i3n3:ncpus=36)+(r1i3n4:ncpus=36)+(r1i3n9:ncpus=36)+(r1i3n10:ncpus=36)+(r1i3n11:ncpus=36)+(r1i3n12:ncpus=36)+(r1i3n5:ncpus=36)+(r1i3n6:ncpus=36)+(r1i3n7:ncpus=36),
52,20180212,E,run_count,1,
52,20180212,E,Resource_List.ncpus,2304,
52,20180212,E,resources_used.mem,863891208kb,
52,20180212,E,Resource_List.place,scatter:exclhost,
52,20180212,E,Resource_List.mpiprocs,128,
52,20180212,E,Resource_List.walltime,01:00:00,
52,20180212,E,Resource_List.select,64,mpiprocs:2
52,20180212,E,Resource_List.select,64,ncpus:36
52,20180212,E,Resource_List.select,64,ompthreads:18
52,20180212,E,user,engel,
52,20180212,E,end,1518470719,
52,20180212,E,jobname,zhpt64.2,
52,20180212,E,resources_used.walltime,00:34:58,
52,20180212,E,resources_used.vmem,150450972kb,
52,20180212,E,account,"""SSSG0001""",
52,20180212,E,ctime,1518468620,
52,20180212,E,resources_used.ncpus,2304,
52,20180212,E,exec_host,r1i0n0/0*36+r1i0n1/0*36+r1i0n2/0*36+r1i0n3/0*36+r1i0n4/0*36+r1i0n9/0*36+r1i0n11/0*36+r1i0n12/0*36+r1i0n5/0*36+r1i0n6/0*36+r1i0n7/0*36+r1i0n8/0*36+r1i0n13/0*36+r1i0n14/0*36+r1i0n15/0*36+r1i0n16/0*36+r1i0n17/0*36+r1i1n0/0*36+r1i1n2/0*36+r1i1n3/0*36+r1i1n4/0*36+r1i1n9/0*36+r1i1n10/0*36+r1i1n11/0*36+r1i1n12/0*36+r1i1n5/0*36+r1i1n6/0*36+r1i1n7/0*36+r1i1n8/0*36+r1i1n13/0*36+r1i1n14/0*36+r1i1n15/0*36+r1i1n16/0*36+r1i1n17/0*36+r1i2n0/0*36+r1i2n1/0*36+r1i2n2/0*36+r1i2n3/0*36+r1i2n4/0*36+r1i2n9/0*36+r1i2n10/0*36+r1i2n11/0*36+r1i2n12/0*36+r1i2n5/0*36+r1i2n6/0*36+r1i2n7/0*36+r1i2n8/0*36+r1i2n13/0*36+r1i2n14/0*36+r1i2n15/0*36+r1i2n16/0*36+r1i2n17/0*36+r1i3n0/0*36+r1i3n1/0*36+r1i3n2/0*36+r1i3n3/0*36+r1i3n4/0*36+r1i3n9/0*36+r1i3n10/0*36+r1i3n11/0*36+r1i3n12/0*36+r1i3n5/0*36+r1i3n6/0*36+r1i3n7/0*36,
52,20180212,E,queue,economy,
52,20180212,E,Resource_List.nodect,64,
53,20180212,S,"","",
53,20180212,S,queue,economy,
53,20180212,S,account,"""SSSG0001""",
53,20180212,S,Resource_List.place,scatter:exclhost,
53,20180212,S,group,ncar,
53,20180212,S,ctime,1518468620,
53,20180212,S,resource_assigned.ncpus,3456,
53,20180212,S,Resource_List.ncpus,1728,
53,20180212,S,qtime,1518468620,
53,20180212,S,Resource_List.mpiprocs,96,
53,20180212,S,exec_vnode,(r1i0n0:ncpus=36)+(r1i0n1:ncpus=36)+(r1i0n2:ncpus=36)+(r1i0n3:ncpus=36)+(r1i0n4:ncpus=36)+(r1i0n9:ncpus=36)+(r1i0n11:ncpus=36)+(r1i0n12:ncpus=36)+(r1i0n5:ncpus=36)+(r1i0n6:ncpus=36)+(r1i0n7:ncpus=36)+(r1i0n8:ncpus=36)+(r1i0n13:ncpus=36)+(r1i0n14:ncpus=36)+(r1i0n15:ncpus=36)+(r1i0n16:ncpus=36)+(r1i0n17:ncpus=36)+(r1i1n0:ncpus=36)+(r1i1n2:ncpus=36)+(r1i1n3:ncpus=36)+(r1i1n4:ncpus=36)+(r1i1n9:ncpus=36)+(r1i1n10:ncpus=36)+(r1i1n11:ncpus=36)+(r1i1n12:ncpus=36)+(r1i1n5:ncpus=36)+(r1i1n6:ncpus=36)+(r1i1n7:ncpus=36)+(r1i1n8:ncpus=36)+(r1i1n13:ncpus=36)+(r1i1n14:ncpus=36)+(r1i1n15:ncpus=36)+(r1i1n16:ncpus=36)+(r1i1n17:ncpus=36)+(r1i2n0:ncpus=36)+(r1i2n1:ncpus=36)+(r1i2n2:ncpus=36)+(r1i2n3:ncpus=36)+(r1i2n4:ncpus=36)+(r1i2n9:ncpus=36)+(r1i2n10:ncpus=36)+(r1i2n11:ncpus=36)+(r1i2n12:ncpus=36)+(r1i2n5:ncpus=36)+(r1i2n6:ncpus=36)+(r1i2n7:ncpus=36)+(r1i2n8:ncpus=36)+(r1i2n13:ncpus=36),
53,20180212,S,Resource_List.select,48,mpiprocs:2
53,20180212,S,Resource_List.select,48,ncpus:36
53,20180212,S,Resource_List.select,48,ompthreads:18
53,20180212,S,jobname,zhpt48.2,
53,20180212,S,project,_pbs_project_default,
53,20180212,S,start,1518470719,
53,20180212,S,Resource_List.walltime,01:00:00,
53,20180212,S,user,engel,
53,20180212,S,Resource_List.nodect,48,
53,20180212,S,etime,1518470700,
53,20180212,S,exec_host,r1i0n0/0*36+r1i0n1/0*36+r1i0n2/0*36+r1i0n3/0*36+r1i0n4/0*36+r1i0n9/0*36+r1i0n11/0*36+r1i0n12/0*36+r1i0n5/0*36+r1i0n6/0*36+r1i0n7/0*36+r1i0n8/0*36+r1i0n13/0*36+r1i0n14/0*36+r1i0n15/0*36+r1i0n16/0*36+r1i0n17/0*36+r1i1n0/0*36+r1i1n2/0*36+r1i1n3/0*36+r1i1n4/0*36+r1i1n9/0*36+r1i1n10/0*36+r1i1n11/0*36+r1i1n12/0*36+r1i1n5/0*36+r1i1n6/0*36+r1i1n7/0*36+r1i1n8/0*36+r1i1n13/0*36+r1i1n14/0*36+r1i1n15/0*36+r1i1n16/0*36+r1i1n17/0*36+r1i2n0/0*36+r1i2n1/0*36+r1i2n2/0*36+r1i2n3/0*36+r1i2n4/0*36+r1i2n9/0*36+r1i2n10/0*36+r1i2n11/0*36+r1i2n12/0*36+r1i2n5/0*36+r1i2n6/0*36+r1i2n7/0*36+r1i2n8/0*36+r1i2n13/0*36,
53,20180212,S,resource_assigned.mem,3148374144kb,
55,20180212,E,qtime,1518468620,
55,20180212,E,session,54457,
55,20180212,E,project,_pbs_project_default,
55,20180212,E,group,ncar,
55,20180212,E,Exit_status,0,
55,20180212,E,etime,1518470700,
55,20180212,E,resources_used.cput,995:53:18,
55,20180212,E,start,1518470719,
55,20180212,E,resources_used.cpupercent,172924,
55,20180212,E,exec_vnode,(r1i0n0:ncpus=36)+(r1i0n1:ncpus=36)+(r1i0n2:ncpus=36)+(r1i0n3:ncpus=36)+(r1i0n4:ncpus=36)+(r1i0n9:ncpus=36)+(r1i0n11:ncpus=36)+(r1i0n12:ncpus=36)+(r1i0n5:ncpus=36)+(r1i0n6:ncpus=36)+(r1i0n7:ncpus=36)+(r1i0n8:ncpus=36)+(r1i0n13:ncpus=36)+(r1i0n14:ncpus=36)+(r1i0n15:ncpus=36)+(r1i0n16:ncpus=36)+(r1i0n17:ncpus=36)+(r1i1n0:ncpus=36)+(r1i1n2:ncpus=36)+(r1i1n3:ncpus=36)+(r1i1n4:ncpus=36)+(r1i1n9:ncpus=36)+(r1i1n10:ncpus=36)+(r1i1n11:ncpus=36)+(r1i1n12:ncpus=36)+(r1i1n5:ncpus=36)+(r1i1n6:ncpus=36)+(r1i1n7:ncpus=36)+(r1i1n8:ncpus=36)+(r1i1n13:ncpus=36)+(r1i1n14:ncpus=36)+(r1i1n15:ncpus=36)+(r1i1n16:ncpus=36)+(r1i1n17:ncpus=36)+(r1i2n0:ncpus=36)+(r1i2n1:ncpus=36)+(r1i2n2:ncpus=36)+(r1i2n3:ncpus=36)+(r1i2n4:ncpus=36)+(r1i2n9:ncpus=36)+(r1i2n10:ncpus=36)+(r1i2n11:ncpus=36)+(r1i2n12:ncpus=36)+(r1i2n5:ncpus=36)+(r1i2n6:ncpus=36)+(r1i2n7:ncpus=36)+(r1i2n8:ncpus=36)+(r1i2n13:ncpus=36),
55,20180212,E,run_count,1,
55,20180212,E,Resource_List.ncpus,1728,
55,20180212,E,resources_used.mem,647554408kb,
55,20180212,E,Resource_List.place,scatter:exclhost,
55,20180212,E,Resource_List.mpiprocs,96,
55,20180212,E,Resource_List.walltime,01:00:00,
55,20180212,E,Resource_List.select,48,mpiprocs:2
55,20180212,E,Resource_List.select,48,ncpus:36
55,20180212,E,Resource_List.select,48,ompthreads:18
55,20180212,E,user,engel,
55,20180212,E,end,1518472886,
55,20180212,E,jobname,zhpt48.2,
55,20180212,E,resources_used.walltime,00:36:06,
55,20180212,E,resources_used.vmem,150448612kb,
55,20180212,E,account,"""SSSG0001""",
55,20180212,E,ctime,1518468620,
55,20180212,E,resources_used.ncpus,1728,
55,20180212,E,exec_host,r1i0n0/0*36+r1i0n1/0*36+r1i0n2/0*36+r1i0n3/0*36+r1i0n4/0*36+r1i0n9/0*36+r1i0n11/0*36+r1i0n12/0*36+r1i0n5/0*36+r1i0n6/0*36+r1i0n7/0*36+r1i0n8/0*36+r1i0n13/0*36+r1i0n14/0*36+r1i0n15/0*36+r1i0n16/0*36+r1i0n17/0*36+r1i1n0/0*36+r1i1n2/0*36+r1i1n3/0*36+r1i1n4/0*36+r1i1n9/0*36+r1i1n10/0*36+r1i1n11/0*36+r1i1n12/0*36+r1i1n5/0*36+r1i1n6/0*36+r1i1n7/0*36+r1i1n8/0*36+r1i1n13/0*36+r1i1n14/0*36+r1i1n15/0*36+r1i1n16/0*36+r1i1n17/0*36+r1i2n0/0*36+r1i2n1/0*36+r1i2n2/0*36+r1i2n3/0*36+r1i2n4/0*36+r1i2n9/0*36+r1i2n10/0*36+r1i2n11/0*36+r1i2n12/0*36+r1i2n5/0*36+r1i2n6/0*36+r1i2n7/0*36+r1i2n8/0*36+r1i2n13/0*36,
55,20180212,E,queue,economy,
55,20180212,E,Resource_List.nodect,48,
56,20180212,S,"","",
56,20180212,S,queue,economy,
56,20180212,S,account,"""SSSG0001""",
56,20180212,S,Resource_List.place,scatter:exclhost,
56,20180212,S,group,ncar,
56,20180212,S,ctime,1518468620,
56,20180212,S,resource_assigned.ncpus,2304,
56,20180212,S,Resource_List.ncpus,1152,
56,20180212,S,qtime,1518468620,
56,20180212,S,Resource_List.mpiprocs,64,
56,20180212,S,exec_vnode,(r1i0n0:ncpus=36)+(r1i0n1:ncpus=36)+(r1i0n2:ncpus=36)+(r1i0n3:ncpus=36)+(r1i0n4:ncpus=36)+(r1i0n9:ncpus=36)+(r1i0n11:ncpus=36)+(r1i0n12:ncpus=36)+(r1i0n5:ncpus=36)+(r1i0n6:ncpus=36)+(r1i0n7:ncpus=36)+(r1i0n8:ncpus=36)+(r1i0n13:ncpus=36)+(r1i0n14:ncpus=36)+(r1i0n15:ncpus=36)+(r1i0n16:ncpus=36)+(r1i0n17:ncpus=36)+(r1i1n0:ncpus=36)+(r1i1n2:ncpus=36)+(r1i1n3:ncpus=36)+(r1i1n4:ncpus=36)+(r1i1n9:ncpus=36)+(r1i1n10:ncpus=36)+(r1i1n11:ncpus=36)+(r1i1n12:ncpus=36)+(r1i1n5:ncpus=36)+(r1i1n6:ncpus=36)+(r1i1n7:ncpus=36)+(r1i1n8:ncpus=36)+(r1i1n13:ncpus=36)+(r1i1n14:ncpus=36)+(r1i1n15:ncpus=36),
56,20180212,S,Resource_List.select,32,mpiprocs:2
56,20180212,S,Resource_List.select,32,ncpus:36
56,20180212,S,Resource_List.select,32,ompthreads:18
56,20180212,S,jobname,zhpt32.2,
56,20180212,S,project,_pbs_project_default,
56,20180212,S,start,1518472886,
56,20180212,S,Resource_List.walltime,01:00:00,
56,20180212,S,user,engel,
56,20180212,S,Resource_List.nodect,32,
56,20180212,S,etime,1518472800,
56,20180212,S,exec_host,r1i0n0/0*36+r1i0n1/0*36+r1i0n2/0*36+r1i0n3/0*36+r1i0n4/0*36+r1i0n9/0*36+r1i0n11/0*36+r1i0n12/0*36+r1i0n5/0*36+r1i0n6/0*36+r1i0n7/0*36+r1i0n8/0*36+r1i0n13/0*36+r1i0n14/0*36+r1i0n15/0*36+r1i0n16/0*36+r1i0n17/0*36+r1i1n0/0*36+r1i1n2/0*36+r1i1n3/0*36+r1i1n4/0*36+r1i1n9/0*36+r1i1n10/0*36+r1i1n11/0*36+r1i1n12/0*36+r1i1n5/0*36+r1i1n6/0*36+r1i1n7/0*36+r1i1n8/0*36+r1i1n13/0*36+r1i1n14/0*36+r1i1n15/0*36,
56,20180212,S,resource_assigned.mem,2098916096kb,
57,20180212,S,"","",
57,20180212,S,queue,economy,
57,20180212,S,account,"""SSSG0001""",
57,20180212,S,Resource_List.place,scatter:exclhost,
57,20180212,S,group,ncar,
57,20180212,S,ctime,1518468620,
57,20180212,S,resource_assigned.ncpus,1152,
57,20180212,S,Resource_List.ncpus,576,
57,20180212,S,qtime,1518468620,
57,20180212,S,Resource_List.mpiprocs,32,
57,20180212,S,exec_vnode,(r1i1n16:ncpus=36)+(r1i1n17:ncpus=36)+(r1i2n0:ncpus=36)+(r1i2n1:ncpus=36)+(r1i2n2:ncpus=36)+(r1i2n3:ncpus=36)+(r1i2n4:ncpus=36)+(r1i2n9:ncpus=36)+(r1i2n10:ncpus=36)+(r1i2n11:ncpus=36)+(r1i2n12:ncpus=36)+(r1i2n5:ncpus=36)+(r1i2n6:ncpus=36)+(r1i2n7:ncpus=36)+(r1i2n8:ncpus=36)+(r1i2n13:ncpus=36),
57,20180212,S,Resource_List.select,16,mpiprocs:2
57,20180212,S,Resource_List.select,16,ncpus:36
57,20180212,S,Resource_List.select,16,ompthreads:18
57,20180212,S,jobname,zhpt16.2,
57,20180212,S,project,_pbs_project_default,
57,20180212,S,start,1518474900,
57,20180212,S,Resource_List.walltime,01:00:00,
57,20180212,S,user,engel,
57,20180212,S,Resource_List.nodect,16,
57,20180212,S,etime,1518474900,
57,20180212,S,exec_host,r1i1n16/0*36+r1i1n17/0*36+r1i2n0/0*36+r1i2n1/0*36+r1i2n2/0*36+r1i2n3/0*36+r1i2n4/0*36+r1i2n9/0*36+r1i2n10/0*36+r1i2n11/0*36+r1i2n12/0*36+r1i2n5/0*36+r1i2n6/0*36+r1i2n7/0*36+r1i2n8/0*36+r1i2n13/0*36,
57,20180212,S,resource_assigned.mem,1049458048kb,
58,20180212,E,qtime,1518468620,
58,20180212,E,session,58326,
58,20180212,E,project,_pbs_project_default,
58,20180212,E,group,ncar,
58,20180212,E,Exit_status,0,
58,20180212,E,etime,1518472800,
58,20180212,E,resources_used.cput,626:50:21,
58,20180212,E,start,1518472886,
58,20180212,E,resources_used.cpupercent,115111,
58,20180212,E,exec_vnode,(r1i0n0:ncpus=36)+(r1i0n1:ncpus=36)+(r1i0n2:ncpus=36)+(r1i0n3:ncpus=36)+(r1i0n4:ncpus=36)+(r1i0n9:ncpus=36)+(r1i0n11:ncpus=36)+(r1i0n12:ncpus=36)+(r1i0n5:ncpus=36)+(r1i0n6:ncpus=36)+(r1i0n7:ncpus=36)+(r1i0n8:ncpus=36)+(r1i0n13:ncpus=36)+(r1i0n14:ncpus=36)+(r1i0n15:ncpus=36)+(r1i0n16:ncpus=36)+(r1i0n17:ncpus=36)+(r1i1n0:ncpus=36)+(r1i1n2:ncpus=36)+(r1i1n3:ncpus=36)+(r1i1n4:ncpus=36)+(r1i1n9:ncpus=36)+(r1i1n10:ncpus=36)+(r1i1n11:ncpus=36)+(r1i1n12:ncpus=36)+(r1i1n5:ncpus=36)+(r1i1n6:ncpus=36)+(r1i1n7:ncpus=36)+(r1i1n8:ncpus=36)+(r1i1n13:ncpus=36)+(r1i1n14:ncpus=36)+(r1i1n15:ncpus=36),
58,20180212,E,run_count,1,
58,20180212,E,Resource_List.ncpus,1152,
58,20180212,E,resources_used.mem,431582680kb,
58,20180212,E,Resource_List.place,scatter:exclhost,
58,20180212,E,Resource_List.mpiprocs,64,
58,20180212,E,Resource_List.walltime,01:00:00,
58,20180212,E,Resource_List.select,32,mpiprocs:2
58,20180212,E,Resource_List.select,32,ncpus:36
58,20180212,E,Resource_List.select,32,ompthreads:18
58,20180212,E,user,engel,
58,20180212,E,end,1518474987,
58,20180212,E,jobname,zhpt32.2,
58,20180212,E,resources_used.walltime,00:35:01,
58,20180212,E,resources_used.vmem,150446224kb,
58,20180212,E,account,"""SSSG0001""",
58,20180212,E,ctime,1518468620,
58,20180212,E,resources_used.ncpus,1152,
58,20180212,E,exec_host,r1i0n0/0*36+r1i0n1/0*36+r1i0n2/0*36+r1i0n3/0*36+r1i0n4/0*36+r1i0n9/0*36+r1i0n11/0*36+r1i0n12/0*36+r1i0n5/0*36+r1i0n6/0*36+r1i0n7/0*36+r1i0n8/0*36+r1i0n13/0*36+r1i0n14/0*36+r1i0n15/0*36+r1i0n16/0*36+r1i0n17/0*36+r1i1n0/0*36+r1i1n2/0*36+r1i1n3/0*36+r1i1n4/0*36+r1i1n9/0*36+r1i1n10/0*36+r1i1n11/0*36+r1i1n12/0*36+r1i1n5/0*36+r1i1n6/0*36+r1i1n7/0*36+r1i1n8/0*36+r1i1n13/0*36+r1i1n14/0*36+r1i1n15/0*36,
58,20180212,E,queue,economy,
58,20180212,E,Resource_List.nodect,32,
60,20180212,S,"","",
60,20180212,S,queue,economy,
60,20180212,S,account,"""SSSG0001""",
60,20180212,S,Resource_List.place,scatter:exclhost,
60,20180212,S,group,ncar,
60,20180212,S,ctime,1518468621,
60,20180212,S,resource_assigned.ncpus,576,
60,20180212,S,Resource_List.ncpus,288,
60,20180212,S,qtime,1518468621,
60,20180212,S,Resource_List.mpiprocs,16,
60,20180212,S,exec_vnode,(r1i0n0:ncpus=36)+(r1i0n1:ncpus=36)+(r1i0n2:ncpus=36)+(r1i0n3:ncpus=36)+(r1i0n4:ncpus=36)+(r1i0n9:ncpus=36)+(r1i0n11:ncpus=36)+(r1i0n12:ncpus=36),
60,20180212,S,Resource_List.select,8,mpiprocs:2
60,20180212,S,Resource_List.select,8,ncpus:36
60,20180212,S,Resource_List.select,8,ompthreads:18
60,20180212,S,jobname,zhpt08.2,
60,20180212,S,project,_pbs_project_default,
60,20180212,S,start,1518477000,
60,20180212,S,Resource_List.walltime,01:00:00,
60,20180212,S,user,engel,
60,20180212,S,Resource_List.nodect,8,
60,20180212,S,etime,1518477000,
60,20180212,S,exec_host,r1i0n0/0*36+r1i0n1/0*36+r1i0n2/0*36+r1i0n3/0*36+r1i0n4/0*36+r1i0n9/0*36+r1i0n11/0*36+r1i0n12/0*36,
60,20180212,S,resource_assigned.mem,524729024kb,
61,20180212,E,qtime,1518468620,
61,20180212,E,session,66989,
61,20180212,E,project,_pbs_project_default,
61,20180212,E,group,ncar,
61,20180212,E,Exit_status,0,
61,20180212,E,etime,1518474900,
61,20180212,E,resources_used.cput,321:23:06,
61,20180212,E,start,1518474900,
61,20180212,E,resources_used.cpupercent,57583,
61,20180212,E,exec_vnode,(r1i1n16:ncpus=36)+(r1i1n17:ncpus=36)+(r1i2n0:ncpus=36)+(r1i2n1:ncpus=36)+(r1i2n2:ncpus=36)+(r1i2n3:ncpus=36)+(r1i2n4:ncpus=36)+(r1i2n9:ncpus=36)+(r1i2n10:ncpus=36)+(r1i2n11:ncpus=36)+(r1i2n12:ncpus=36)+(r1i2n5:ncpus=36)+(r1i2n6:ncpus=36)+(r1i2n7:ncpus=36)+(r1i2n8:ncpus=36)+(r1i2n13:ncpus=36),
61,20180212,E,run_count,1,
61,20180212,E,Resource_List.ncpus,576,
61,20180212,E,resources_used.mem,215579184kb,
61,20180212,E,Resource_List.place,scatter:exclhost,
61,20180212,E,Resource_List.mpiprocs,32,
61,20180212,E,Resource_List.walltime,01:00:00,
61,20180212,E,Resource_List.select,16,mpiprocs:2
61,20180212,E,Resource_List.select,16,ncpus:36
61,20180212,E,Resource_List.select,16,ompthreads:18
61,20180212,E,user,engel,
61,20180212,E,end,1518477023,
61,20180212,E,jobname,zhpt16.2,
61,20180212,E,resources_used.walltime,00:35:23,
61,20180212,E,resources_used.vmem,150443840kb,
61,20180212,E,account,"""SSSG0001""",
61,20180212,E,ctime,1518468620,
61,20180212,E,resources_used.ncpus,576,
61,20180212,E,exec_host,r1i1n16/0*36+r1i1n17/0*36+r1i2n0/0*36+r1i2n1/0*36+r1i2n2/0*36+r1i2n3/0*36+r1i2n4/0*36+r1i2n9/0*36+r1i2n10/0*36+r1i2n11/0*36+r1i2n12/0*36+r1i2n5/0*36+r1i2n6/0*36+r1i2n7/0*36+r1i2n8/0*36+r1i2n13/0*36,
61,20180212,E,queue,economy,
61,20180212,E,Resource_List.nodect,16,
62,20180212,E,qtime,1518468621,
62,20180212,E,session,65108,
62,20180212,E,project,_pbs_project_default,
62,20180212,E,group,ncar,
62,20180212,E,Exit_status,0,
62,20180212,E,etime,1518477000,
62,20180212,E,resources_used.cput,160:45:10,
62,20180212,E,start,1518477000,
62,20180212,E,resources_used.cpupercent,28826,
62,20180212,E,exec_vnode,(r1i0n0:ncpus=36)+(r1i0n1:ncpus=36)+(r1i0n2:ncpus=36)+(r1i0n3:ncpus=36)+(r1i0n4:ncpus=36)+(r1i0n9:ncpus=36)+(r1i0n11:ncpus=36)+(r1i0n12:ncpus=36),
62,20180212,E,run_count,1,
62,20180212,E,Resource_List.ncpus,288,
62,20180212,E,resources_used.mem,107692788kb,
62,20180212,E,Resource_List.place,scatter:exclhost,
62,20180212,E,Resource_List.mpiprocs,16,
62,20180212,E,Resource_List.walltime,01:00:00,
62,20180212,E,Resource_List.select,8,mpiprocs:2
62,20180212,E,Resource_List.select,8,ncpus:36
62,20180212,E,Resource_List.select,8,ompthreads:18
62,20180212,E,user,engel,
62,20180212,E,end,1518479091,
62,20180212,E,jobname,zhpt08.2,
62,20180212,E,resources_used.walltime,00:34:50,
62,20180212,E,resources_used.vmem,150442652kb,
62,20180212,E,account,"""SSSG0001""",
62,20180212,E,ctime,1518468621,
62,20180212,E,resources_used.ncpus,288,
62,20180212,E,exec_host,r1i0n0/0*36+r1i0n1/0*36+r1i0n2/0*36+r1i0n3/0*36+r1i0n4/0*36+r1i0n9/0*36+r1i0n11/0*36+r1i0n12/0*36,
62,20180212,E,queue,economy,
62,20180212,E,Resource_List.nodect,8,
63,20180212,S,"","",
63,20180212,S,queue,economy,
63,20180212,S,account,"""SSSG0001""",
63,20180212,S,Resource_List.place,scatter:exclhost,
63,20180212,S,group,ncar,
63,20180212,S,ctime,1518468621,
63,20180212,S,resource_assigned.ncpus,288,
63,20180212,S,Resource_List.ncpus,144,
63,20180212,S,qtime,1518468621,
63,20180212,S,Resource_List.mpiprocs,8,
63,20180212,S,exec_vnode,(r1i0n0:ncpus=36)+(r1i0n1:ncpus=36)+(r1i0n2:ncpus=36)+(r1i0n3:ncpus=36),
63,20180212,S,Resource_List.select,4,mpiprocs:2
63,20180212,S,Resource_List.select,4,ncpus:36
63,20180212,S,Resource_List.select,4,ompthreads:18
63,20180212,S,jobname,zhpt04.2,
63,20180212,S,project,_pbs_project_default,
63,20180212,S,start,1518479100,
63,20180212,S,Resource_List.walltime,01:00:00,
63,20180212,S,user,engel,
63,20180212,S,Resource_List.nodect,4,
63,20180212,S,etime,1518479100,
63,20180212,S,exec_host,r1i0n0/0*36+r1i0n1/0*36+r1i0n2/0*36+r1i0n3/0*36,
63,20180212,S,resource_assigned.mem,262364512kb,
65,20180212,E,qtime,1518468621,
65,20180212,E,session,68387,
65,20180212,E,project,_pbs_project_default,
65,20180212,E,group,ncar,
65,20180212,E,Exit_status,0,
65,20180212,E,etime,1518479100,
65,20180212,E,resources_used.cput,78:53:02,
65,20180212,E,start,1518479100,
65,20180212,E,resources_used.cpupercent,14418,
65,20180212,E,exec_vnode,(r1i0n0:ncpus=36)+(r1i0n1:ncpus=36)+(r1i0n2:ncpus=36)+(r1i0n3:ncpus=36),
65,20180212,E,run_count,1,
65,20180212,E,Resource_List.ncpus,144,
65,20180212,E,resources_used.mem,53802476kb,
65,20180212,E,Resource_List.place,scatter:exclhost,
65,20180212,E,Resource_List.mpiprocs,8,
65,20180212,E,Resource_List.walltime,01:00:00,
65,20180212,E,Resource_List.select,4,mpiprocs:2
65,20180212,E,Resource_List.select,4,ncpus:36
65,20180212,E,Resource_List.select,4,ompthreads:18
65,20180212,E,user,engel,
65,20180212,E,end,1518481196,
65,20180212,E,jobname,zhpt04.2,
65,20180212,E,resources_used.walltime,00:34:55,
65,20180212,E,resources_used.vmem,150438528kb,
65,20180212,E,account,"""SSSG0001""",
65,20180212,E,ctime,1518468621,
65,20180212,E,resources_used.ncpus,144,
65,20180212,E,exec_host,r1i0n0/0*36+r1i0n1/0*36+r1i0n2/0*36+r1i0n3/0*36,
65,20180212,E,queue,economy,
65,20180212,E,Resource_List.nodect,4,
66,20180212,S,"","",
66,20180212,S,queue,economy,
66,20180212,S,account,"""SSSG0001""",
66,20180212,S,Resource_List.place,scatter:exclhost,
66,20180212,S,group,ncar,
66,20180212,S,ctime,1518468621,
66,20180212,S,resource_assigned.ncpus,144,
66,20180212,S,Resource_List.ncpus,72,
66,20180212,S,qtime,1518468621,
66,20180212,S,Resource_List.mpiprocs,4,
66,20180212,S,exec_vnode,(r1i0n0:ncpus=36)+(r1i0n1:ncpus=36),
66,20180212,S,Resource_List.select,2,mpiprocs:2
66,20180212,S,Resource_List.select,2,ncpus:36
66,20180212,S,Resource_List.select,2,ompthreads:18
66,20180212,S,jobname,zhpt02.2,
66,20180212,S,project,_pbs_project_default,
66,20180212,S,start,1518481200,
66,20180212,S,Resource_List.walltime,01:00:00,
66,20180212,S,user,engel,
66,20180212,S,Resource_List.nodect,2,
66,20180212,S,etime,1518481200,
66,20180212,S,exec_host,r1i0n0/0*36+r1i0n1/0*36,
66,20180212,S,resource_assigned.mem,131182256kb,
67,20180212,Q,queue,share,
68,20180212,Q,queue,regular,
69,20180212,S,"","",
69,20180212,S,queue,regular,
69,20180212,S,account,"""SSSG0001""",
69,20180212,S,Resource_List.place,scatter:exclhost,
69,20180212,S,group,ncar,
69,20180212,S,ctime,1518482000,
69,20180212,S,Resource_List.inception,Resource_List,
69,20180212,S,Resource_List.ncpus,12,
69,20180212,S,qtime,1518482000,
69,20180212,S,resource_assigned.ncpus,72,
69,20180212,S,exec_vnode,(r1i0n2:ncpus=12),
69,20180212,S,Resource_List.select,1,ncpus:12
69,20180212,S,jobname,STDIN,
69,20180212,S,project,_pbs_project_default,
69,20180212,S,start,1518482000,
69,20180212,S,Resource_List.walltime,01:01:01,
69,20180212,S,user,matthews,
69,20180212,S,Resource_List.nodect,1,
69,20180212,S,etime,1518482000,
69,20180212,S,exec_host,r1i0n2/0*12,
69,20180212,S,resource_assigned.mem,65591128kb,
70,20180212,E,Resource_List.inception,Resource_List,
70,20180212,E,qtime,1518482000,
70,20180212,E,session,63727,
70,20180212,E,project,_pbs_project_default,
70,20180212,E,group,ncar,
70,20180212,E,Exit_status,0,
70,20180212,E,etime,1518482000,
70,20180212,E,resources_used.cput,00:00:00,
70,20180212,E,start,1518482000,
70,20180212,E,resources_used.cpupercent,0,
70,20180212,E,exec_vnode,(r1i0n2:ncpus=12),
70,20180212,E,run_count,1,
70,20180212,E,Resource_List.ncpus,12,
70,20180212,E,resources_used.mem,9264kb,
70,20180212,E,Resource_List.place,scatter:exclhost,
70,20180212,E,Resource_List.walltime,01:01:01,
70,20180212,E,Resource_List.select,1,ncpus:12
70,20180212,E,user,matthews,
70,20180212,E,end,1518482002,
70,20180212,E,jobname,STDIN,
70,20180212,E,resources_used.walltime,00:00:02,
70,20180212,E,resources_used.vmem,256956kb,
70,20180212,E,account,"""SSSG0001""",
70,20180212,E,ctime,1518482000,
70,20180212,E,resources_used.ncpus,12,
70,20180212,E,exec_host,r1i0n2/0*12,
70,20180212,E,queue,regular,
70,20180212,E,Resource_List.nodect,1,
71,20180212,Q,queue,regular,
72,20180212,S,"","",
72,20180212,S,queue,regular,
72,20180212,S,account,"""SSSG0001""",
72,20180212,S,Resource_List.place,scatter:exclhost,
72,20180212,S,group,ncar,
72,20180212,S,ctime,1518482006,
72,20180212,S,Resource_List.inception,Resource_List,
72,20180212,S,Resource_List.ncpus,24,
72,20180212,S,qtime,1518482006,
72,20180212,S,resource_assigned.ncpus,144,
72,20180212,S,exec_vnode,(r1i0n2:ncpus=12)+(r1i0n3:ncpus=12),
72,20180212,S,Resource_List.select,2,ncpus:12
72,20180212,S,jobname,STDIN,
72,20180212,S,project,_pbs_project_default,
72,20180212,S,start,1518482006,
72,20180212,S,Resource_List.walltime,01:01:01,
72,20180212,S,user,matthews,
72,20180212,S,Resource_List.nodect,2,
72,20180212,S,etime,1518482006,
72,20180212,S,exec_host,r1i0n2/0*12+r1i0n3/0*12,
72,20180212,S,resource_assigned.mem,131182256kb,
73,20180212,E,Resource_List.inception,Resource_List,
73,20180212,E,qtime,1518482006,
73,20180212,E,session,63761,
73,20180212,E,project,_pbs_project_default,
73,20180212,E,group,ncar,
73,20180212,E,Exit_status,0,
73,20180212,E,etime,1518482006,
73,20180212,E,resources_used.cput,00:00:00,
73,20180212,E,start,1518482006,
73,20180212,E,resources_used.cpupercent,0,
73,20180212,E,exec_vnode,(r1i0n2:ncpus=12)+(r1i0n3:ncpus=12),
73,20180212,E,run_count,1,
73,20180212,E,Resource_List.ncpus,24,
73,20180212,E,resources_used.mem,9852kb,
73,20180212,E,Resource_List.place,scatter:exclhost,
73,20180212,E,Resource_List.walltime,01:01:01,
73,20180212,E,Resource_List.select,2,ncpus:12
73,20180212,E,user,matthews,
73,20180212,E,end,1518482016,
73,20180212,E,jobname,STDIN,
73,20180212,E,resources_used.walltime,00:00:10,
73,20180212,E,resources_used.vmem,270864kb,
73,20180212,E,account,"""SSSG0001""",
73,20180212,E,ctime,1518482006,
73,20180212,E,resources_used.ncpus,24,
73,20180212,E,exec_host,r1i0n2/0*12+r1i0n3/0*12,
73,20180212,E,queue,regular,
73,20180212,E,Resource_List.nodect,2,
74,20180212,Q,queue,regular,
75,20180212,S,"","",
75,20180212,S,queue,regular,
75,20180212,S,account,"""SSSG0001""",
75,20180212,S,Resource_List.place,scatter:exclhost,
75,20180212,S,group,ncar,
75,20180212,S,ctime,1518482019,
75,20180212,S,Resource_List.inception,Resource_List=hi,
75,20180212,S,Resource_List.ncpus,24,
75,20180212,S,qtime,1518482019,
75,20180212,S,resource_assigned.ncpus,144,
75,20180212,S,exec_vnode,(r1i0n2:ncpus=12)+(r1i0n3:ncpus=12),
75,20180212,S,Resource_List.select,2,ncpus:12
75,20180212,S,jobname,STDIN,
75,20180212,S,project,_pbs_project_default,
75,20180212,S,start,1518482020,
75,20180212,S,Resource_List.walltime,01:01:01,
75,20180212,S,user,matthews,
75,20180212,S,Resource_List.nodect,2,
75,20180212,S,etime,1518482019,
75,20180212,S,exec_host,r1i0n2/0*12+r1i0n3/0*12,
75,20180212,S,resource_assigned.mem,131182256kb,
76,20180212,E,Resource_List.inception,Resource_List=hi,
76,20180212,E,qtime,1518482019,
76,20180212,E,session,63798,
76,20180212,E,project,_pbs_project_default,
76,20180212,E,group,ncar,
76,20180212,E,Exit_status,0,
76,20180212,E,etime,1518482019,
76,20180212,E,resources_used.cput,00:00:00,
76,20180212,E,start,1518482020,
76,20180212,E,resources_used.cpupercent,0,
76,20180212,E,exec_vnode,(r1i0n2:ncpus=12)+(r1i0n3:ncpus=12),
76,20180212,E,run_count,1,
76,20180212,E,Resource_List.ncpus,24,
76,20180212,E,resources_used.mem,9712kb,
76,20180212,E,Resource_List.place,scatter:exclhost,
76,20180212,E,Resource_List.walltime,01:01:01,
76,20180212,E,Resource_List.select,2,ncpus:12
76,20180212,E,user,matthews,
76,20180212,E,end,1518482021,
76,20180212,E,jobname,STDIN,
76,20180212,E,resources_used.walltime,00:00:01,
76,20180212,E,resources_used.vmem,271372kb,
76,20180212,E,account,"""SSSG0001""",
76,20180212,E,ctime,1518482019,
76,20180212,E,resources_used.ncpus,24,
76,20180212,E,exec_host,r1i0n2/0*12+r1i0n3/0*12,
76,20180212,E,queue,regular,
76,20180212,E,Resource_List.nodect,2,
77,20180212,Q,queue,regular,
78,20180212,S,"","",
78,20180212,S,queue,regular,
78,20180212,S,account,"""SSSG0001""",
78,20180212,S,Resource_List.place,scatter:exclhost,
78,20180212,S,group,ncar,
78,20180212,S,ctime,1518482049,
78,20180212,S,Resource_List.inception,Resource_List=Resource_List.mpip,
78,20180212,S,Resource_List.ncpus,24,
78,20180212,S,qtime,1518482049,
78,20180212,S,resource_assigned.ncpus,144,
78,20180212,S,exec_vnode,(r1i0n2:ncpus=12)+(r1i0n3:ncpus=12),
78,20180212,S,Resource_List.select,2,ncpus:12
78,20180212,S,jobname,STDIN,
78,20180212,S,project,_pbs_project_default,
78,20180212,S,start,1518482049,
78,20180212,S,Resource_List.walltime,01:01:01,
78,20180212,S,user,matthews,
78,20180212,S,Resource_List.nodect,2,
78,20180212,S,etime,1518482049,
78,20180212,S,exec_host,r1i0n2/0*12+r1i0n3/0*12,
78,20180212,S,resource_assigned.mem,131182256kb,
79,20180212,E,Resource_List.inception,Resource_List=Resource_List.mpip,
79,20180212,E,qtime,1518482049,
79,20180212,E,session,63832,
79,20180212,E,project,_pbs_project_default,
79,20180212,E,group,ncar,
79,20180212,E,Exit_status,0,
79,20180212,E,etime,1518482049,
79,20180212,E,resources_used.cput,00:00:00,
79,20180212,E,start,1518482049,
79,20180212,E,resources_used.cpupercent,0,
79,20180212,E,exec_vnode,(r1i0n2:ncpus=12)+(r1i0n3:ncpus=12),
79,20180212,E,run_count,1,
79,20180212,E,Resource_List.ncpus,24,
79,20180212,E,resources_used.mem,9884kb,
79,20180212,E,Resource_List.place,scatter:exclhost,
79,20180212,E,Resource_List.walltime,01:01:01,
79,20180212,E,Resource_List.select,2,ncpus:12
79,20180212,E,user,matthews,
79,20180212,E,end,1518482052,
79,20180212,E,jobname,STDIN,
79,20180212,E,resources_used.walltime,00:00:03,
79,20180212,E,resources_used.vmem,279752kb,
79,20180212,E,account,"""SSSG0001""",
79,20180212,E,ctime,1518482049,
79,20180212,E,resources_used.ncpus,24,
79,20180212,E,exec_host,r1i0n2/0*12+r1i0n3/0*12,
79,20180212,E,queue,regular,
79,20180212,E,Resource_List.nodect,2,
80,20180212,Q,queue,regular,
81,20180212,S,"","",
81,20180212,S,queue,regular,
81,20180212,S,account,"""SSSG0001""",
81,20180212,S,Resource_List.place,scatter:exclhost,
81,20180212,S,group,ncar,
81,20180212,S,ctime,1518482077,
81,20180212,S,Resource_List.inception,Resource_List=Resource_List.mpiprocs=340282366920938463463374607431768211456,
81,20180212,S,Resource_List.ncpus,24,
81,20180212,S,qtime,1518482077,
81,20180212,S,resource_assigned.ncpus,144,
81,20180212,S,exec_vnode,(r1i0n2:ncpus=12)+(r1i0n3:ncpus=12),
81,20180212,S,Resource_List.select,2,ncpus:12
81,20180212,S,jobname,STDIN,
81,20180212,S,project,_pbs_project_default,
81,20180212,S,start,1518482077,
81,20180212,S,Resource_List.walltime,01:01:01,
81,20180212,S,user,matthews,
81,20180212,S,Resource_List.nodect,2,
81,20180212,S,etime,1518482077,
81,20180212,S,exec_host,r1i0n2/0*12+r1i0n3/0*12,
81,20180212,S,resource_assigned.mem,131182256kb,
82,20180212,E,Resource_List.inception,Resource_List=Resource_List.mpiprocs=340282366920938463463374607431768211456,
82,20180212,E,qtime,1518482077,
82,20180212,E,session,63867,
82,20180212,E,project,_pbs_project_default,
82,20180212,E,group,ncar,
82,20180212,E,Exit_status,0,
82,20180212,E,etime,1518482077,
82,20180212,E,resources_used.cput,00:00:00,
82,20180212,E,start,1518482077,
82,20180212,E,resources_used.cpupercent,0,
82,20180212,E,exec_vnode,(r1i0n2:ncpus=12)+(r1i0n3:ncpus=12),
82,20180212,E,run_count,1,
82,20180212,E,Resource_List.ncpus,24,
82,20180212,E,resources_used.mem,10028kb,
82,20180212,E,Resource_List.place,scatter:exclhost,
82,20180212,E,Resource_List.walltime,01:01:01,
82,20180212,E,Resource_List.select,2,ncpus:12
82,20180212,E,user,matthews,
82,20180212,E,end,1518482079,
82,20180212,E,jobname,STDIN,
82,20180212,E,resources_used.walltime,00:00:02,
82,20180212,E,resources_used.vmem,279752kb,
82,20180212,E,account,"""SSSG0001""",
82,20180212,E,ctime,1518482077,
82,20180212,E,resources_used.ncpus,24,
82,20180212,E,exec_host,r1i0n2/0*12+r1i0n3/0*12,
82,20180212,E,queue,regular,
82,20180212,E,Resource_List.nodect,2,
83,20180212,Q,queue,regular,
84,20180212,S,"","",
84,20180212,S,queue,regular,
84,20180212,S,account,"""SSSG0001""",
84,20180212,S,Resource_List.place,scatter:exclhost,
84,20180212,S,group,ncar,
84,20180212,S,ctime,1518482189,
84,20180212,S,Resource_List.inception,Resource_List=Resource_List.mpiprocs=340282366920938463463374607431768211456,
84,20180212,S,Resource_List.ncpus,24,
84,20180212,S,qtime,1518482189,
84,20180212,S,resource_assigned.ncpus,144,
84,20180212,S,exec_vnode,(r1i0n2:ncpus=12)+(r1i0n3:ncpus=12),
84,20180212,S,Resource_List.select,2,ncpus:12
84,20180212,S,jobname,STDIN,
84,20180212,S,project,_pbs_project_default,
84,20180212,S,start,1518482189,
84,20180212,S,Resource_List.walltime,01:01:01,
84,20180212,S,user,matthews,
84,20180212,S,Resource_List.nodect,2,
84,20180212,S,etime,1518482189,
84,20180212,S,exec_host,r1i0n2/0*12+r1i0n3/0*12,
84,20180212,S,resource_assigned.mem,131182256kb,
85,20180212,E,Resource_List.inception,Resource_List=Resource_List.mpiprocs=340282366920938463463374607431768211456,
85,20180212,E,qtime,1518482189,
85,20180212,E,session,64081,
85,20180212,E,project,_pbs_project_default,
85,20180212,E,group,ncar,
85,20180212,E,Exit_status,0,
85,20180212,E,etime,1518482189,
85,20180212,E,resources_used.cput,00:00:00,
85,20180212,E,start,1518482189,
85,20180212,E,resources_used.cpupercent,0,
85,20180212,E,exec_vnode,(r1i0n2:ncpus=12)+(r1i0n3:ncpus=12),
85,20180212,E,run_count,1,
85,20180212,E,Resource_List.ncpus,24,
85,20180212,E,resources_used.mem,10024kb,
85,20180212,E,Resource_List.place,scatter:exclhost,
85,20180212,E,Resource_List.walltime,01:01:01,
85,20180212,E,Resource_List.select,2,ncpus:12
85,20180212,E,user,matthews,
85,20180212,E,end,1518482191,
85,20180212,E,jobname,STDIN,
85,20180212,E,resources_used.walltime,00:00:02,
85,20180212,E,resources_used.vmem,279752kb,
85,20180212,E,account,"""SSSG0001""",
85,20180212,E,ctime,1518482189,
85,20180212,E,resources_used.ncpus,24,
85,20180212,E,exec_host,r1i0n2/0*12+r1i0n3/0*12,
85,20180212,E,queue,regular,
85,20180212,E,Resource_List.nodect,2,
86,20180212,Q,queue,regular,
87,20180212,S,"","",
87,20180212,S,queue,regular,
87,20180212,S,account,"""SSSG0001""",
87,20180212,S,Resource_List.place,scatter:exclhost,
87,20180212,S,group,ncar,
87,20180212,S,ctime,1518482242,
87,20180212,S,Resource_List.inception,hi,
87,20180212,S,Resource_List.ncpus,24,
87,20180212,S,qtime,1518482242,
87,20180212,S,resource_assigned.ncpus,144,
87,20180212,S,exec_vnode,(r1i0n2:ncpus=12)+(r1i0n3:ncpus=12),
87,20180212,S,Resource_List.select,2,ncpus:12
87,20180212,S,jobname,STDIN,
87,20180212,S,project,_pbs_project_default,
87,20180212,S,start,1518482242,
87,20180212,S,Resource_List.walltime,01:01:01,
87,20180212,S,user,matthews,
87,20180212,S,Resource_List.nodect,2,
87,20180212,S,etime,1518482242,
87,20180212,S,exec_host,r1i0n2/0*12+r1i0n3/0*12,
87,20180212,S,resource_assigned.mem,131182256kb,
88,20180212,E,Resource_List.inception,hi,
88,20180212,E,qtime,1518482242,
88,20180212,E,session,64294,
88,20180212,E,project,_pbs_project_default,
88,20180212,E,group,ncar,
88,20180212,E,Exit_status,0,
88,20180212,E,etime,1518482242,
88,20180212,E,resources_used.cput,00:00:00,
88,20180212,E,start,1518482242,
88,20180212,E,resources_used.cpupercent,0,
88,20180212,E,exec_vnode,(r1i0n2:ncpus=12)+(r1i0n3:ncpus=12),
88,20180212,E,run_count,1,
88,20180212,E,Resource_List.ncpus,24,
88,20180212,E,resources_used.mem,9936kb,
88,20180212,E,Resource_List.place,scatter:exclhost,
88,20180212,E,Resource_List.walltime,01:01:01,
88,20180212,E,Resource_List.select,2,ncpus:12
88,20180212,E,user,matthews,
88,20180212,E,end,1518482244,
88,20180212,E,jobname,STDIN,
88,20180212,E,resources_used.walltime,00:00:02,
88,20180212,E,resources_used.vmem,271372kb,
88,20180212,E,account,"""SSSG0001""",
88,20180212,E,ctime,1518482242,
88,20180212,E,resources_used.ncpus,24,
88,20180212,E,exec_host,r1i0n2/0*12+r1i0n3/0*12,
88,20180212,E,queue,regular,
88,20180212,E,Resource_List.nodect,2,
89,20180212,Q,queue,regular,
90,20180212,S,"","",
90,20180212,S,queue,regular,
90,20180212,S,account,"""SSSG0001""",
90,20180212,S,Resource_List.place,scatter:exclhost,
90,20180212,S,group,ncar,
90,20180212,S,ctime,1518482382,
90,20180212,S,Resource_List.inception,"""hi steve""",
90,20180212,S,Resource_List.ncpus,12,
90,20180212,S,qtime,1518482382,
90,20180212,S,resource_assigned.ncpus,72,
90,20180212,S,exec_vnode,(r1i0n2:ncpus=12),
90,20180212,S,Resource_List.select,1,ncpus:12
90,20180212,S,jobname,STDIN,
90,20180212,S,project,_pbs_project_default,
90,20180212,S,start,1518482382,
90,20180212,S,Resource_List.walltime,01:01:01,
90,20180212,S,user,matthews,
90,20180212,S,Resource_List.nodect,1,
90,20180212,S,etime,1518482382,
90,20180212,S,exec_host,r1i0n2/0*12,
90,20180212,S,resource_assigned.mem,65591128kb,
91,20180212,E,Resource_List.inception,"""hi steve""",
91,20180212,E,qtime,1518482382,
91,20180212,E,session,64507,
91,20180212,E,project,_pbs_project_default,
91,20180212,E,group,ncar,
91,20180212,E,Exit_status,0,
91,20180212,E,etime,1518482382,
91,20180212,E,resources_used.cput,00:00:00,
91,20180212,E,start,1518482382,
91,20180212,E,resources_used.cpupercent,0,
91,20180212,E,exec_vnode,(r1i0n2:ncpus=12),
91,20180212,E,run_count,1,
91,20180212,E,Resource_List.ncpus,12,
91,20180212,E,resources_used.mem,10848kb,
91,20180212,E,Resource_List.place,scatter:exclhost,
91,20180212,E,Resource_List.walltime,01:01:01,
91,20180212,E,Resource_List.select,1,ncpus:12
91,20180212,E,user,matthews,
91,20180212,E,end,1518482383,
91,20180212,E,jobname,STDIN,
91,20180212,E,resources_used.walltime,00:00:01,
91,20180212,E,resources_used.vmem,269048kb,
91,20180212,E,account,"""SSSG0001""",
91,20180212,E,ctime,1518482382,
91,20180212,E,resources_used.ncpus,12,
91,20180212,E,exec_host,r1i0n2/0*12,
91,20180212,E,queue,regular,
91,20180212,E,Resource_List.nodect,1,
92,20180212,Q,queue,regular,
93,20180212,S,"","",
93,20180212,S,queue,regular,
93,20180212,S,account,"""SSSG0001""",
93,20180212,S,Resource_List.place,scatter:exclhost,
93,20180212,S,group,ncar,
93,20180212,S,ctime,1518482398,
93,20180212,S,Resource_List.inception,"""Resource_List=Resource_List.mpiprocs=340282366920938463463374607431768211456 hi""",
93,20180212,S,Resource_List.ncpus,24,
93,20180212,S,qtime,1518482398,
93,20180212,S,resource_assigned.ncpus,144,
93,20180212,S,exec_vnode,(r1i0n2:ncpus=12)+(r1i0n3:ncpus=12),
93,20180212,S,Resource_List.select,2,ncpus:12
93,20180212,S,jobname,STDIN,
93,20180212,S,project,_pbs_project_default,
93,20180212,S,start,1518482398,
93,20180212,S,Resource_List.walltime,01:01:01,
93,20180212,S,user,matthews,
93,20180212,S,Resource_List.nodect,2,
93,20180212,S,etime,1518482398,
93,20180212,S,exec_host,r1i0n2/0*12+r1i0n3/0*12,
93,20180212,S,resource_assigned.mem,131182256kb,
94,20180212,E,Resource_List.inception,"""Resource_List=Resource_List.mpiprocs=340282366920938463463374607431768211456 hi""",
94,20180212,E,qtime,1518482398,
94,20180212,E,session,64541,
94,20180212,E,project,_pbs_project_default,
94,20180212,E,group,ncar,
94,20180212,E,Exit_status,0,
94,20180212,E,etime,1518482398,
94,20180212,E,resources_used.cput,00:00:00,
94,20180212,E,start,1518482398,
94,20180212,E,resources_used.cpupercent,0,
94,20180212,E,exec_vnode,(r1i0n2:ncpus=12)+(r1i0n3:ncpus=12),
94,20180212,E,run_count,1,
94,20180212,E,Resource_List.ncpus,24,
94,20180212,E,resources_used.mem,10568kb,
94,20180212,E,Resource_List.place,scatter:exclhost,
94,20180212,E,Resource_List.walltime,01:01:01,
94,20180212,E,Resource_List.select,2,ncpus:12
94,20180212,E,user,matthews,
94,20180212,E,end,1518482401,
94,20180212,E,jobname,STDIN,
94,20180212,E,resources_used.walltime,00:00:03,
94,20180212,E,resources_used.vmem,279964kb,
94,20180212,E,account,"""SSSG0001""",
94,20180212,E,ctime,1518482398,
94,20180212,E,resources_used.ncpus,24,
94,20180212,E,exec_host,r1i0n2/0*12+r1i0n3/0*12,
94,20180212,E,queue,regular,
94,20180212,E,Resource_List.nodect,2,
95,20180212,Q,queue,regular,
96,20180212,S,"","",
96,20180212,S,queue,regular,
96,20180212,S,account,"""SSSG0001""",
96,20180212,S,Resource_List.place,scatter:exclhost,
96,20180212,S,group,ncar,
96,20180212,S,ctime,1518482413,
96,20180212,S,Resource_List.inception,"""Resource_List=Resource_List.mpiprocs=340282366920938463463374607431768211456 hi girish Resource_List.mpiprocs=3402""",
96,20180212,S,Resource_List.ncpus,24,
96,20180212,S,qtime,1518482413,
96,20180212,S,resource_assigned.ncpus,144,
96,20180212,S,exec_vnode,(r1i0n2:ncpus=12)+(r1i0n3:ncpus=12),
96,20180212,S,Resource_List.select,2,ncpus:12
96,20180212,S,jobname,STDIN,
96,20180212,S,project,_pbs_project_default,
96,20180212,S,start,1518482413,
96,20180212,S,Resource_List.walltime,01:01:01,
96,20180212,S,user,matthews,
96,20180212,S,Resource_List.nodect,2,
96,20180212,S,etime,1518482413,
96,20180212,S,exec_host,r1i0n2/0*12+r1i0n3/0*12,
96,20180212,S,resource_assigned.mem,131182256kb,
97,20180212,E,Resource_List.inception,"""Resource_List=Resource_List.mpiprocs=340282366920938463463374607431768211456 hi girish Resource_List.mpiprocs=3402""",
97,20180212,E,qtime,1518482413,
97,20180212,E,session,64580,
97,20180212,E,project,_pbs_project_default,
97,20180212,E,group,ncar,
97,20180212,E,Exit_status,0,
97,20180212,E,etime,1518482413,
97,20180212,E,resources_used.cput,00:00:00,
97,20180212,E,start,1518482413,
97,20180212,E,resources_used.cpupercent,0,
97,20180212,E,exec_vnode,(r1i0n2:ncpus=12)+(r1i0n3:ncpus=12),
97,20180212,E,run_count,1,
97,20180212,E,Resource_List.ncpus,24,
97,20180212,E,resources_used.mem,11212kb,
97,20180212,E,Resource_List.place,scatter:exclhost,
97,20180212,E,Resource_List.walltime,01:01:01,
97,20180212,E,Resource_List.select,2,ncpus:12
97,20180212,E,user,matthews,
97,20180212,E,end,1518482415,
97,20180212,E,jobname,STDIN,
97,20180212,E,resources_used.walltime,00:00:02,
97,20180212,E,resources_used.vmem,278064kb,
97,20180212,E,account,"""SSSG0001""",
97,20180212,E,ctime,1518482413,
97,20180212,E,resources_used.ncpus,24,
97,20180212,E,exec_host,r1i0n2/0*12+r1i0n3/0*12,
97,20180212,E,queue,regular,
97,20180212,E,Resource_List.nodect,2,
98,20180212,Q,queue,regular,
99,20180212,S,"","",
99,20180212,S,queue,regular,
99,20180212,S,account,"""SSSG0001""",
99,20180212,S,Resource_List.place,scatter:exclhost,
99,20180212,S,group,ncar,
99,20180212,S,ctime,1518482460,
99,20180212,S,Resource_List.inception,"""Resource_List=Resource_List.mpiprocs=340282366920938463463374607431768211456 hi girish Resource_List.mpiprocs=3402\\""",
99,20180212,S,Resource_List.ncpus,24,
99,20180212,S,qtime,1518482460,
99,20180212,S,resource_assigned.ncpus,144,
99,20180212,S,exec_vnode,(r1i0n2:ncpus=12)+(r1i0n3:ncpus=12),
99,20180212,S,Resource_List.select,2,ncpus:12
99,20180212,S,jobname,STDIN,
99,20180212,S,project,_pbs_project_default,
99,20180212,S,start,1518482460,
99,20180212,S,Resource_List.walltime,01:01:01,
99,20180212,S,user,matthews,
99,20180212,S,Resource_List.nodect,2,
99,20180212,S,etime,1518482460,
99,20180212,S,exec_host,r1i0n2/0*12+r1i0n3/0*12,
99,20180212,S,resource_assigned.mem,131182256kb,
100,20180212,E,Resource_List.inception,"""Resource_List=Resource_List.mpiprocs=340282366920938463463374607431768211456 hi girish Resource_List.mpiprocs=3402\\""",
100,20180212,E,qtime,1518482460,
100,20180212,E,session,64779,
100,20180212,E,project,_pbs_project_default,
100,20180212,E,group,ncar,
100,20180212,E,Exit_status,0,
100,20180212,E,etime,1518482460,
100,20180212,E,resources_used.cput,00:00:00,
100,20180212,E,start,1518482460,
100,20180212,E,resources_used.cpupercent,0,
100,20180212,E,exec_vnode,(r1i0n2:ncpus=12)+(r1i0n3:ncpus=12),
100,20180212,E,run_count,1,
100,20180212,E,Resource_List.ncpus,24,
100,20180212,E,resources_used.mem,10024kb,
100,20180212,E,Resource_List.place,scatter:exclhost,
100,20180212,E,Resource_List.walltime,01:01:01,
100,20180212,E,Resource_List.select,2,ncpus:12
100,20180212,E,user,matthews,
100,20180212,E,end,1518482462,
100,20180212,E,jobname,STDIN,
100,20180212,E,resources_used.walltime,00:00:02,
100,20180212,E,resources_used.vmem,279752kb,
100,20180212,E,account,"""SSSG0001""",
100,20180212,E,ctime,1518482460,
100,20180212,E,resources_used.ncpus,24,
100,20180212,E,exec_host,r1i0n2/0*12+r1i0n3/0*12,
100,20180212,E,queue,regular,
100,20180212,E,Resource_List.nodect,2,
101,20180212,Q,queue,regular,
102,20180212,S,"","",
102,20180212,S,queue,regular,
102,20180212,S,account,"""SSSG0001""",
102,20180212,S,Resource_List.place,scatter:exclhost,
102,20180212,S,group,ncar,
102,20180212,S,ctime,1518482564,
102,20180212,S,Resource_List.inception,#####,
102,20180212,S,Resource_List.ncpus,24,
102,20180212,S,qtime,1518482564,
102,20180212,S,resource_assigned.ncpus,144,
102,20180212,S,exec_vnode,(r1i0n2:ncpus=12)+(r1i0n3:ncpus=12),
102,20180212,S,Resource_List.select,2,ncpus:12
102,20180212,S,jobname,STDIN,
102,20180212,S,project,_pbs_project_default,
102,20180212,S,start,1518482565,
102,20180212,S,Resource_List.walltime,01:01:01,
102,20180212,S,user,matthews,
102,20180212,S,Resource_List.nodect,2,
102,20180212,S,etime,1518482564,
102,20180212,S,exec_host,r1i0n2/0*12+r1i0n3/0*12,
102,20180212,S,resource_assigned.mem,131182256kb,
103,20180212,E,Resource_List.inception,#####,
103,20180212,E,qtime,1518482564,
103,20180212,E,session,64828,
103,20180212,E,project,_pbs_project_default,
103,20180212,E,group,ncar,
103,20180212,E,Exit_status,0,
103,20180212,E,etime,1518482564,
103,20180212,E,resources_used.cput,00:00:00,
103,20180212,E,start,1518482565,
103,20180212,E,resources_used.cpupercent,0,
103,20180212,E,exec_vnode,(r1i0n2:ncpus=12)+(r1i0n3:ncpus=12),
103,20180212,E,run_count,1,
103,20180212,E,Resource_List.ncpus,24,
103,20180212,E,resources_used.mem,10080kb,
103,20180212,E,Resource_List.place,scatter:exclhost,
103,20180212,E,Resource_List.walltime,01:01:01,
103,20180212,E,Resource_List.select,2,ncpus:12
103,20180212,E,user,matthews,
103,20180212,E,end,1518482566,
103,20180212,E,jobname,STDIN,
103,20180212,E,resources_used.walltime,00:00:01,
103,20180212,E,resources_used.vmem,279752kb,
103,20180212,E,account,"""SSSG0001""",
103,20180212,E,ctime,1518482564,
103,20180212,E,resources_used.ncpus,24,
103,20180212,E,exec_host,r1i0n2/0*12+r1i0n3/0*12,
103,20180212,E,queue,regular,
103,20180212,E,Resource_List.nodect,2,
104,20180212,Q,queue,regular,
105,20180212,S,"","",
105,20180212,S,queue,regular,
105,20180212,S,account,"""SSSG0001""",
105,20180212,S,Resource_List.place,scatter:exclhost,
105,20180212,S,group,ncar,
105,20180212,S,ctime,1518482572,
105,20180212,S,Resource_List.inception,""" ls /bin/bash""",
105,20180212,S,Resource_List.ncpus,24,
105,20180212,S,qtime,1518482572,
105,20180212,S,resource_assigned.ncpus,144,
105,20180212,S,exec_vnode,(r1i0n2:ncpus=12)+(r1i0n3:ncpus=12),
105,20180212,S,Resource_List.select,2,ncpus:12
105,20180212,S,jobname,STDIN,
105,20180212,S,project,_pbs_project_default,
105,20180212,S,start,1518482572,
105,20180212,S,Resource_List.walltime,01:01:01,
105,20180212,S,user,matthews,
105,20180212,S,Resource_List.nodect,2,
105,20180212,S,etime,1518482572,
105,20180212,S,exec_host,r1i0n2/0*12+r1i0n3/0*12,
105,20180212,S,resource_assigned.mem,131182256kb,
106,20180212,E,Resource_List.inception,""" ls /bin/bash""",
106,20180212,E,qtime,1518482572,
106,20180212,E,session,64863,
106,20180212,E,project,_pbs_project_default,
106,20180212,E,group,ncar,
106,20180212,E,Exit_status,0,
106,20180212,E,etime,1518482572,
106,20180212,E,resources_used.cput,00:00:00,
106,20180212,E,start,1518482572,
106,20180212,E,resources_used.cpupercent,0,
106,20180212,E,exec_vnode,(r1i0n2:ncpus=12)+(r1i0n3:ncpus=12),
106,20180212,E,run_count,1,
106,20180212,E,Resource_List.ncpus,24,
106,20180212,E,resources_used.mem,11284kb,
106,20180212,E,Resource_List.place,scatter:exclhost,
106,20180212,E,Resource_List.walltime,01:01:01,
106,20180212,E,Resource_List.select,2,ncpus:12
106,20180212,E,user,matthews,
106,20180212,E,end,1518482578,
106,20180212,E,jobname,STDIN,
106,20180212,E,resources_used.walltime,00:00:06,
106,20180212,E,resources_used.vmem,278196kb,
106,20180212,E,account,"""SSSG0001""",
106,20180212,E,ctime,1518482572,
106,20180212,E,resources_used.ncpus,24,
106,20180212,E,exec_host,r1i0n2/0*12+r1i0n3/0*12,
106,20180212,E,queue,regular,
106,20180212,E,Resource_List.nodect,2,
107,20180212,Q,queue,regular,
108,20180212,S,"","",
108,20180212,S,queue,regular,
108,20180212,S,account,"""SSSG0001""",
108,20180212,S,Resource_List.place,scatter:exclhost,
108,20180212,S,group,ncar,
108,20180212,S,ctime,1518482583,
108,20180212,S,Resource_List.inception,"""] ls /bin/bash""",
108,20180212,S,Resource_List.ncpus,24,
108,20180212,S,qtime,1518482583,
108,20180212,S,resource_assigned.ncpus,144,
108,20180212,S,exec_vnode,(r1i0n2:ncpus=12)+(r1i0n3:ncpus=12),
108,20180212,S,Resource_List.select,2,ncpus:12
108,20180212,S,jobname,STDIN,
108,20180212,S,project,_pbs_project_default,
108,20180212,S,start,1518482583,
108,20180212,S,Resource_List.walltime,01:01:01,
108,20180212,S,user,matthews,
108,20180212,S,Resource_List.nodect,2,
108,20180212,S,etime,1518482583,
108,20180212,S,exec_host,r1i0n2/0*12+r1i0n3/0*12,
108,20180212,S,resource_assigned.mem,131182256kb,
109,20180212,E,Resource_List.inception,"""] ls /bin/bash""",
109,20180212,E,qtime,1518482583,
109,20180212,E,session,65077,
109,20180212,E,project,_pbs_project_default,
109,20180212,E,group,ncar,
109,20180212,E,Exit_status,0,
109,20180212,E,etime,1518482583,
109,20180212,E,resources_used.cput,00:00:00,
109,20180212,E,start,1518482583,
109,20180212,E,resources_used.cpupercent,0,
109,20180212,E,exec_vnode,(r1i0n2:ncpus=12)+(r1i0n3:ncpus=12),
109,20180212,E,run_count,1,
109,20180212,E,Resource_List.ncpus,24,
109,20180212,E,resources_used.mem,11040kb,
109,20180212,E,Resource_List.place,scatter:exclhost,
109,20180212,E,Resource_List.walltime,01:01:01,
109,20180212,E,Resource_List.select,2,ncpus:12
109,20180212,E,user,matthews,
109,20180212,E,end,1518482586,
109,20180212,E,jobname,STDIN,
109,20180212,E,resources_used.walltime,00:00:03,
109,20180212,E,resources_used.vmem,278064kb,
109,20180212,E,account,"""SSSG0001""",
109,20180212,E,ctime,1518482583,
109,20180212,E,resources_used.ncpus,24,
109,20180212,E,exec_host,r1i0n2/0*12+r1i0n3/0*12,
109,20180212,E,queue,regular,
109,20180212,E,Resource_List.nodect,2,
110,20180212,Q,queue,regular,
111,20180212,S,"","",
111,20180212,S,queue,regular,
111,20180212,S,account,"""SSSG0001""",
111,20180212,S,Resource_List.place,scatter:exclhost,
111,20180212,S,group,ncar,
111,20180212,S,ctime,1518482591,
111,20180212,S,Resource_List.inception,"""]ls /bin/bash""",
111,20180212,S,Resource_List.ncpus,24,
111,20180212,S,qtime,1518482591,
111,20180212,S,resource_assigned.ncpus,144,
111,20180212,S,exec_vnode,(r1i0n2:ncpus=12)+(r1i0n3:ncpus=12),
111,20180212,S,Resource_List.select,2,ncpus:12
111,20180212,S,jobname,STDIN,
111,20180212,S,project,_pbs_project_default,
111,20180212,S,start,1518482591,
111,20180212,S,Resource_List.walltime,01:01:01,
111,20180212,S,user,matthews,
111,20180212,S,Resource_List.nodect,2,
111,20180212,S,etime,1518482591,
111,20180212,S,exec_host,r1i0n2/0*12+r1i0n3/0*12,
111,20180212,S,resource_assigned.mem,131182256kb,
112,20180212,E,Resource_List.inception,"""]ls /bin/bash""",
112,20180212,E,qtime,1518482591,
112,20180212,E,session,65112,
112,20180212,E,project,_pbs_project_default,
112,20180212,E,group,ncar,
112,20180212,E,Exit_status,0,
112,20180212,E,etime,1518482591,
112,20180212,E,resources_used.cput,00:00:00,
112,20180212,E,start,1518482591,
112,20180212,E,resources_used.cpupercent,0,
112,20180212,E,exec_vnode,(r1i0n2:ncpus=12)+(r1i0n3:ncpus=12),
112,20180212,E,run_count,1,
112,20180212,E,Resource_List.ncpus,24,
112,20180212,E,resources_used.mem,11396kb,
112,20180212,E,Resource_List.place,scatter:exclhost,
112,20180212,E,Resource_List.walltime,01:01:01,
112,20180212,E,Resource_List.select,2,ncpus:12
112,20180212,E,user,matthews,
112,20180212,E,end,1518482594,
112,20180212,E,jobname,STDIN,
112,20180212,E,resources_used.walltime,00:00:02,
112,20180212,E,resources_used.vmem,279752kb,
112,20180212,E,account,"""SSSG0001""",
112,20180212,E,ctime,1518482591,
112,20180212,E,resources_used.ncpus,24,
112,20180212,E,exec_host,r1i0n2/0*12+r1i0n3/0*12,
112,20180212,E,queue,regular,
112,20180212,E,Resource_List.nodect,2,
113,20180212,Q,queue,regular,
114,20180212,S,"","",
114,20180212,S,queue,regular,
114,20180212,S,account,"""SSSG0001""",
114,20180212,S,Resource_List.place,scatter:exclhost,
114,20180212,S,group,ncar,
114,20180212,S,ctime,1518482598,
114,20180212,S,Resource_List.inception,"""]]]]]ls /bin/bash""",
114,20180212,S,Resource_List.ncpus,24,
114,20180212,S,qtime,1518482598,
114,20180212,S,resource_assigned.ncpus,144,
114,20180212,S,exec_vnode,(r1i0n2:ncpus=12)+(r1i0n3:ncpus=12),
114,20180212,S,Resource_List.select,2,ncpus:12
114,20180212,S,jobname,STDIN,
114,20180212,S,project,_pbs_project_default,
114,20180212,S,start,1518482598,
114,20180212,S,Resource_List.walltime,01:01:01,
114,20180212,S,user,matthews,
114,20180212,S,Resource_List.nodect,2,
114,20180212,S,etime,1518482598,
114,20180212,S,exec_host,r1i0n2/0*12+r1i0n3/0*12,
114,20180212,S,resource_assigned.mem,131182256kb,
115,20180212,E,Resource_List.inception,"""]]]]]ls /bin/bash""",
115,20180212,E,qtime,1518482598,
115,20180212,E,session,65147,
115,20180212,E,project,_pbs_project_default,
115,20180212,E,group,ncar,
115,20180212,E,Exit_status,0,
115,20180212,E,etime,1518482598,
115,20180212,E,resources_used.cput,00:00:00,
115,20180212,E,start,1518482598,
115,20180212,E,resources_used.cpupercent,0,
115,20180212,E,exec_vnode,(r1i0n2:ncpus=12)+(r1i0n3:ncpus=12),
115,20180212,E,run_count,1,
115,20180212,E,Resource_List.ncpus,24,
115,20180212,E,resources_used.mem,10496kb,
115,20180212,E,Resource_List.place,scatter:exclhost,
115,20180212,E,Resource_List.walltime,01:01:01,
115,20180212,E,Resource_List.select,2,ncpus:12
115,20180212,E,user,matthews,
115,20180212,E,end,1518482602,
115,20180212,E,jobname,STDIN,
115,20180212,E,resources_used.walltime,00:00:04,
115,20180212,E,resources_used.vmem,267660kb,
115,20180212,E,account,"""SSSG0001""",
115,20180212,E,ctime,1518482598,
115,20180212,E,resources_used.ncpus,24,
115,20180212,E,exec_host,r1i0n2/0*12+r1i0n3/0*12,
115,20180212,E,queue,regular,
115,20180212,E,Resource_List.nodect,2,
116,20180212,Q,queue,regular,
117,20180212,S,"","",
117,20180212,S,queue,regular,
117,20180212,S,account,"""SSSG0001""",
117,20180212,S,Resource_List.place,scatter:exclhost,
117,20180212,S,group,ncar,
117,20180212,S,ctime,1518482608,
117,20180212,S,Resource_List.inception,"""]ls[] /bin/bash""",
117,20180212,S,Resource_List.ncpus,24,
117,20180212,S,qtime,1518482608,
117,20180212,S,resource_assigned.ncpus,144,
117,20180212,S,exec_vnode,(r1i0n2:ncpus=12)+(r1i0n3:ncpus=12),
117,20180212,S,Resource_List.select,2,ncpus:12
117,20180212,S,jobname,STDIN,
117,20180212,S,project,_pbs_project_default,
117,20180212,S,start,1518482608,
117,20180212,S,Resource_List.walltime,01:01:01,
117,20180212,S,user,matthews,
117,20180212,S,Resource_List.nodect,2,
117,20180212,S,etime,1518482608,
117,20180212,S,exec_host,r1i0n2/0*12+r1i0n3/0*12,
117,20180212,S,resource_assigned.mem,131182256kb,
118,20180212,E,Resource_List.inception,"""]ls[] /bin/bash""",
118,20180212,E,qtime,1518482608,
118,20180212,E,session,65181,
118,20180212,E,project,_pbs_project_default,
118,20180212,E,group,ncar,
118,20180212,E,Exit_status,0,
118,20180212,E,etime,1518482608,
118,20180212,E,resources_used.cput,00:00:00,
118,20180212,E,start,1518482608,
118,20180212,E,resources_used.cpupercent,0,
118,20180212,E,exec_vnode,(r1i0n2:ncpus=12)+(r1i0n3:ncpus=12),
118,20180212,E,run_count,1,
118,20180212,E,Resource_List.ncpus,24,
118,20180212,E,resources_used.mem,11092kb,
118,20180212,E,Resource_List.place,scatter:exclhost,
118,20180212,E,Resource_List.walltime,01:01:01,
118,20180212,E,Resource_List.select,2,ncpus:12
118,20180212,E,user,matthews,
118,20180212,E,end,1518482610,
118,20180212,E,jobname,STDIN,
118,20180212,E,resources_used.walltime,00:00:01,
118,20180212,E,resources_used.vmem,278064kb,
118,20180212,E,account,"""SSSG0001""",
118,20180212,E,ctime,1518482608,
118,20180212,E,resources_used.ncpus,24,
118,20180212,E,exec_host,r1i0n2/0*12+r1i0n3/0*12,
118,20180212,E,queue,regular,
118,20180212,E,Resource_List.nodect,2,
119,20180212,Q,queue,regular,
120,20180212,D,requestor,matthews@laramie1.ib0.laramie.ucar.edu,
121,20180212,Q,queue,regular,
122,20180212,D,requestor,matthews@laramie1.ib0.laramie.ucar.edu,
123,20180212,Q,queue,regular,
124,20180212,S,"","",
124,20180212,S,queue,regular,
124,20180212,S,account,"""SSSG0001""",
124,20180212,S,Resource_List.place,scatter:exclhost,
124,20180212,S,group,ncar,
124,20180212,S,ctime,1518482978,
124,20180212,S,resource_assigned.ncpus,144,
124,20180212,S,Resource_List.ncpus,24,
124,20180212,S,qtime,1518482978,
124,20180212,S,exec_vnode,(r1i0n2:ncpus=12)+(r1i0n3:ncpus=12),
124,20180212,S,Resource_List.select,0,"invalid:""2:ncpus=12:test=hi girish"""
124,20180212,S,jobname,STDIN,
124,20180212,S,project,_pbs_project_default,
124,20180212,S,start,1518482978,
124,20180212,S,Resource_List.walltime,01:01:01,
124,20180212,S,user,matthews,
124,20180212,S,Resource_List.nodect,2,
124,20180212,S,etime,1518482978,
124,20180212,S,exec_host,r1i0n2/0*12+r1i0n3/0*12,
124,20180212,S,resource_assigned.mem,131182256kb,
125,20180212,E,qtime,1518482978,
125,20180212,E,session,65776,
125,20180212,E,project,_pbs_project_default,
125,20180212,E,group,ncar,
125,20180212,E,Exit_status,0,
125,20180212,E,etime,1518482978,
125,20180212,E,resources_used.cput,00:00:00,
125,20180212,E,start,1518482978,
125,20180212,E,resources_used.cpupercent,0,
125,20180212,E,exec_vnode,(r1i0n2:ncpus=12)+(r1i0n3:ncpus=12),
125,20180212,E,run_count,1,
125,20180212,E,Resource_List.ncpus,24,
125,20180212,E,resources_used.mem,9316kb,
125,20180212,E,Resource_List.place,scatter:exclhost,
125,20180212,E,Resource_List.walltime,01:01:01,
125,20180212,E,Resource_List.select,0,"invalid:""2:ncpus=12:test=hi girish"""
125,20180212,E,user,matthews,
125,20180212,E,end,1518482981,
125,20180212,E,jobname,STDIN,
125,20180212,E,resources_used.walltime,00:00:03,
125,20180212,E,resources_used.vmem,257296kb,
125,20180212,E,account,"""SSSG0001""",
125,20180212,E,ctime,1518482978,
125,20180212,E,resources_used.ncpus,24,
125,20180212,E,exec_host,r1i0n2/0*12+r1i0n3/0*12,
125,20180212,E,queue,regular,
125,20180212,E,Resource_List.nodect,2,
126,20180212,Q,queue,regular,
127,20180212,S,"","",
127,20180212,S,queue,regular,
127,20180212,S,account,"""SSSG0001""",
127,20180212,S,Resource_List.place,scatter:exclhost,
127,20180212,S,group,ncar,
127,20180212,S,ctime,1518483058,
127,20180212,S,resource_assigned.ncpus,144,
127,20180212,S,Resource_List.ncpus,24,
127,20180212,S,qtime,1518483058,
127,20180212,S,exec_vnode,(r1i0n2:ncpus=12)+(r1i0n3:ncpus=12),
127,20180212,S,Resource_List.select,0,"invalid:""2:ncpus=12:test=hi girish"""
127,20180212,S,jobname,STDIN,
127,20180212,S,project,_pbs_project_default,
127,20180212,S,start,1518483058,
127,20180212,S,Resource_List.walltime,01:01:01,
127,20180212,S,user,matthews,
127,20180212,S,Resource_List.nodect,2,
127,20180212,S,etime,1518483058,
127,20180212,S,exec_host,r1i0n2/0*12+r1i0n3/0*12,
127,20180212,S,resource_assigned.mem,131182256kb,
128,20180212,E,qtime,1518483058,
128,20180212,E,session,65818,
128,20180212,E,project,_pbs_project_default,
128,20180212,E,group,ncar,
128,20180212,E,Exit_status,0,
128,20180212,E,etime,1518483058,
128,20180212,E,resources_used.cput,00:00:00,
128,20180212,E,start,1518483058,
128,20180212,E,resources_used.cpupercent,0,
128,20180212,E,exec_vnode,(r1i0n2:ncpus=12)+(r1i0n3:ncpus=12),
128,20180212,E,run_count,1,
128,20180212,E,Resource_List.ncpus,24,
128,20180212,E,resources_used.mem,10044kb,
128,20180212,E,Resource_List.place,scatter:exclhost,
128,20180212,E,Resource_List.walltime,01:01:01,
128,20180212,E,Resource_List.select,0,"invalid:""2:ncpus=12:test=hi girish"""
128,20180212,E,user,matthews,
128,20180212,E,end,1518483059,
128,20180212,E,jobname,STDIN,
128,20180212,E,resources_used.walltime,00:00:01,
128,20180212,E,resources_used.vmem,279768kb,
128,20180212,E,account,"""SSSG0001""",
128,20180212,E,ctime,1518483058,
128,20180212,E,resources_used.ncpus,24,
128,20180212,E,exec_host,r1i0n2/0*12+r1i0n3/0*12,
128,20180212,E,queue,regular,
128,20180212,E,Resource_List.nodect,2,
129,20180212,S,"","",
129,20180212,S,queue,economy,
129,20180212,S,account,"""SSSG0001""",
129,20180212,S,Resource_List.place,scatter:exclhost,
129,20180212,S,group,ncar,
129,20180212,S,ctime,1518468621,
129,20180212,S,resource_assigned.ncpus,4608,
129,20180212,S,Resource_List.ncpus,2304,
129,20180212,S,qtime,1518468621,
129,20180212,S,Resource_List.mpiprocs,128,
129,20180212,S,exec_vnode,(r1i0n2:ncpus=36)+(r1i0n3:ncpus=36)+(r1i0n4:ncpus=36)+(r1i0n9:ncpus=36)+(r1i0n11:ncpus=36)+(r1i0n12:ncpus=36)+(r1i0n5:ncpus=36)+(r1i0n6:ncpus=36)+(r1i0n7:ncpus=36)+(r1i0n8:ncpus=36)+(r1i0n13:ncpus=36)+(r1i0n14:ncpus=36)+(r1i0n15:ncpus=36)+(r1i0n16:ncpus=36)+(r1i0n17:ncpus=36)+(r1i1n0:ncpus=36)+(r1i1n2:ncpus=36)+(r1i1n3:ncpus=36)+(r1i1n4:ncpus=36)+(r1i1n9:ncpus=36)+(r1i1n10:ncpus=36)+(r1i1n11:ncpus=36)+(r1i1n12:ncpus=36)+(r1i1n5:ncpus=36)+(r1i1n6:ncpus=36)+(r1i1n7:ncpus=36)+(r1i1n8:ncpus=36)+(r1i1n13:ncpus=36)+(r1i1n14:ncpus=36)+(r1i1n15:ncpus=36)+(r1i1n16:ncpus=36)+(r1i1n17:ncpus=36)+(r1i2n0:ncpus=36)+(r1i2n1:ncpus=36)+(r1i2n2:ncpus=36)+(r1i2n3:ncpus=36)+(r1i2n4:ncpus=36)+(r1i2n9:ncpus=36)+(r1i2n10:ncpus=36)+(r1i2n11:ncpus=36)+(r1i2n12:ncpus=36)+(r1i2n5:ncpus=36)+(r1i2n6:ncpus=36)+(r1i2n7:ncpus=36)+(r1i2n8:ncpus=36)+(r1i2n13:ncpus=36)+(r1i2n14:ncpus=36)+(r1i2n15:ncpus=36)+(r1i2n16:ncpus=36)+(r1i2n17:ncpus=36)+(r1i3n0:ncpus=36)+(r1i3n1:ncpus=36)+(r1i3n2:ncpus=36)+(r1i3n3:ncpus=36)+(r1i3n4:ncpus=36)+(r1i3n9:ncpus=36)+(r1i3n10:ncpus=36)+(r1i3n11:ncpus=36)+(r1i3n12:ncpus=36)+(r1i3n5:ncpus=36)+(r1i3n6:ncpus=36)+(r1i3n7:ncpus=36)+(r1i3n8:ncpus=36)+(r1i3n13:ncpus=36),
129,20180212,S,Resource_List.select,64,mpiprocs:2
129,20180212,S,Resource_List.select,64,ncpus:36
129,20180212,S,Resource_List.select,64,ompthreads:18
129,20180212,S,jobname,zhpt64.2,
129,20180212,S,project,_pbs_project_default,
129,20180212,S,start,1518483300,
129,20180212,S,Resource_List.walltime,01:00:00,
129,20180212,S,user,engel,
129,20180212,S,Resource_List.nodect,64,
129,20180212,S,etime,1518483300,
129,20180212,S,exec_host,r1i0n2/0*36+r1i0n3/0*36+r1i0n4/0*36+r1i0n9/0*36+r1i0n11/0*36+r1i0n12/0*36+r1i0n5/0*36+r1i0n6/0*36+r1i0n7/0*36+r1i0n8/0*36+r1i0n13/0*36+r1i0n14/0*36+r1i0n15/0*36+r1i0n16/0*36+r1i0n17/0*36+r1i1n0/0*36+r1i1n2/0*36+r1i1n3/0*36+r1i1n4/0*36+r1i1n9/0*36+r1i1n10/0*36+r1i1n11/0*36+r1i1n12/0*36+r1i1n5/0*36+r1i1n6/0*36+r1i1n7/0*36+r1i1n8/0*36+r1i1n13/0*36+r1i1n14/0*36+r1i1n15/0*36+r1i1n16/0*36+r1i1n17/0*36+r1i2n0/0*36+r1i2n1/0*36+r1i2n2/0*36+r1i2n3/0*36+r1i2n4/0*36+r1i2n9/0*36+r1i2n10/0*36+r1i2n11/0*36+r1i2n12/0*36+r1i2n5/0*36+r1i2n6/0*36+r1i2n7/0*36+r1i2n8/0*36+r1i2n13/0*36+r1i2n14/0*36+r1i2n15/0*36+r1i2n16/0*36+r1i2n17/0*36+r1i3n0/0*36+r1i3n1/0*36+r1i3n2/0*36+r1i3n3/0*36+r1i3n4/0*36+r1i3n9/0*36+r1i3n10/0*36+r1i3n11/0*36+r1i3n12/0*36+r1i3n5/0*36+r1i3n6/0*36+r1i3n7/0*36+r1i3n8/0*36+r1i3n13/0*36,
129,20180212,S,resource_assigned.mem,4197832192kb,
130,20180212,E,qtime,1518468621,
130,20180212,E,session,71853,
130,20180212,E,project,_pbs_project_default,
130,20180212,E,group,ncar,
130,20180212,E,Exit_status,0,
130,20180212,E,etime,1518481200,
130,20180212,E,resources_used.cput,41:04:37,
130,20180212,E,start,1518481200,
130,20180212,E,resources_used.cpupercent,7220,
130,20180212,E,exec_vnode,(r1i0n0:ncpus=36)+(r1i0n1:ncpus=36),
130,20180212,E,run_count,1,
130,20180212,E,Resource_List.ncpus,72,
130,20180212,E,resources_used.mem,26867036kb,
130,20180212,E,Resource_List.place,scatter:exclhost,
130,20180212,E,Resource_List.mpiprocs,4,
130,20180212,E,Resource_List.walltime,01:00:00,
130,20180212,E,Resource_List.select,2,mpiprocs:2
130,20180212,E,Resource_List.select,2,ncpus:36
130,20180212,E,Resource_List.select,2,ompthreads:18
130,20180212,E,user,engel,
130,20180212,E,end,1518483351,
130,20180212,E,jobname,zhpt02.2,
130,20180212,E,resources_used.walltime,00:35:50,
130,20180212,E,resources_used.vmem,150433672kb,
130,20180212,E,account,"""SSSG0001""",
130,20180212,E,ctime,1518468621,
130,20180212,E,resources_used.ncpus,72,
130,20180212,E,exec_host,r1i0n0/0*36+r1i0n1/0*36,
130,20180212,E,queue,economy,
130,20180212,E,Resource_List.nodect,2,
